SDATA,THTP
2023-12-31 11:00,292.0
2023-12-31 12:00,295.0
2023-12-31 13:00,294.0
2023-12-31 14:00,291.0
2023-12-31 15:00,284.0
2023-12-31 16:00,295.0
2023-12-31 17:00,302.0
2023-12-31 18:00,297.0
2023-12-31 19:00,305.0
2023-12-31 20:00,304.0
2023-12-31 21:00,298.0
2023-12-31 22:00,300.0
2023-12-31 23:00,302.0
2024-01-01 00:00,304.0
2024-01-01 01:00,304.0
2024-01-01 02:00,299.0
2024-01-01 03:00,297.0
2024-01-01 04:00,294.0
2024-01-01 05:00,297.0
2024-01-01 06:00,297.0
2024-01-01 07:00,303.0
2024-01-01 08:00,299.0
2024-01-01 09:00,297.0
2024-01-01 10:00,294.0
2024-01-01 11:00,295.0
2024-01-01 12:00,292.0
2024-01-01 13:00,293.0
2024-01-01 14:00,295.0
2024-01-01 15:00,298.0
2024-01-01 16:00,297.0
2024-01-01 17:00,294.0
2024-01-01 18:00,293.0
2024-01-01 19:00,289.0
2024-01-01 20:00,303.0
2024-01-01 21:00,300.0
2024-01-01 22:00,300.0
2024-01-01 23:00,279.0
2024-01-02 00:00,293.0
2024-01-02 01:00,290.0
2024-01-02 02:00,290.0
2024-01-02 03:00,300.0
2024-01-02 04:00,285.0
2024-01-02 05:00,292.0
2024-01-02 06:00,295.0
2024-01-02 07:00,284.0
2024-01-02 08:00,295.0
2024-01-02 09:00,288.0
2024-01-02 10:00,287.0
2024-01-02 11:00,291.0
2024-01-02 12:00,
2024-01-02 13:00,288.0
2024-01-02 14:00,291.0
2024-01-02 15:00,291.0
2024-01-02 16:00,295.0
2024-01-02 17:00,277.0
2024-01-02 18:00,301.0
2024-01-02 19:00,287.0
2024-01-02 20:00,288.0
2024-01-02 21:00,285.0
2024-01-02 22:00,286.0
2024-01-02 23:00,290.0
2024-01-03 00:00,283.0
2024-01-03 01:00,275.0
2024-01-03 02:00,281.0
2024-01-03 03:00,288.0
2024-01-03 04:00,290.0
2024-01-03 05:00,293.0
2024-01-03 06:00,299.0
2024-01-03 07:00,288.0
2024-01-03 08:00,295.0
2024-01-03 09:00,300.0
2024-01-03 10:00,288.0
2024-01-03 11:00,292.0
2024-01-03 12:00,292.0
2024-01-03 13:00,296.0
2024-01-03 14:00,289.0
2024-01-03 15:00,297.0
2024-01-03 16:00,292.0
2024-01-03 17:00,287.0
2024-01-03 18:00,278.0
2024-01-03 19:00,291.0
2024-01-03 20:00,289.0
2024-01-03 21:00,288.0
2024-01-03 22:00,300.0
2024-01-03 23:00,290.0
2024-01-04 00:00,293.0
2024-01-04 01:00,297.0
2024-01-04 02:00,297.0
2024-01-04 03:00,300.0
2024-01-04 04:00,295.0
2024-01-04 05:00,297.0
2024-01-04 06:00,297.0
2024-01-04 07:00,297.0
2024-01-04 08:00,293.0
2024-01-04 09:00,296.0
2024-01-04 10:00,297.0
2024-01-04 11:00,300.0
2024-01-04 12:00,297.0
2024-01-04 13:00,293.0
2024-01-04 14:00,291.0
2024-01-04 15:00,294.0
2024-01-04 16:00,283.0
2024-01-04 17:00,290.0
2024-01-04 18:00,288.0
2024-01-04 19:00,286.0
2024-01-04 20:00,283.0
2024-01-04 21:00,295.0
2024-01-04 22:00,288.0
2024-01-04 23:00,297.0
2024-01-05 00:00,290.0
2024-01-05 01:00,288.0
2024-01-05 02:00,286.0
2024-01-05 03:00,285.0
2024-01-05 04:00,282.0
2024-01-05 05:00,284.0
2024-01-05 06:00,295.0
2024-01-05 07:00,300.0
2024-01-05 08:00,291.0
2024-01-05 09:00,296.0
2024-01-05 10:00,274.0
2024-01-05 11:00,285.0
2024-01-05 12:00,298.0
2024-01-05 13:00,295.0
2024-01-05 14:00,288.0
2024-01-05 15:00,293.0
2024-01-05 16:00,293.0
2024-01-05 17:00,287.0
2024-01-05 18:00,290.0
2024-01-05 19:00,278.0
2024-01-05 20:00,296.0
2024-01-05 21:00,295.0
2024-01-05 22:00,295.0
2024-01-05 23:00,290.0
2024-01-06 00:00,286.0
2024-01-06 01:00,285.0
2024-01-06 02:00,286.0
2024-01-06 03:00,294.0
2024-01-06 04:00,291.0
2024-01-06 05:00,288.0
2024-01-06 06:00,286.0
2024-01-06 07:00,292.0
2024-01-06 08:00,293.0
2024-01-06 09:00,288.0
2024-01-06 10:00,295.0
2024-01-06 11:00,289.0
2024-01-06 12:00,288.0
2024-01-06 13:00,297.0
2024-01-06 14:00,296.0
2024-01-06 15:00,293.0
2024-01-06 16:00,296.0
2024-01-06 17:00,293.0
2024-01-06 18:00,296.0
2024-01-06 19:00,292.0
2024-01-06 20:00,290.0
2024-01-06 21:00,285.0
2024-01-06 22:00,288.0
2024-01-06 23:00,290.0
2024-01-07 00:00,295.0
2024-01-07 01:00,288.0
2024-01-07 02:00,301.0
2024-01-07 03:00,296.0
2024-01-07 04:00,288.0
2024-01-07 05:00,294.0
2024-01-07 06:00,291.0
2024-01-07 07:00,294.0
2024-01-07 08:00,276.0
2024-01-07 09:00,295.0
2024-01-07 10:00,277.0
2024-01-07 11:00,286.0
2024-01-07 12:00,283.0
2024-01-07 13:00,285.0
2024-01-07 14:00,272.0
2024-01-07 15:00,274.0
2024-01-07 16:00,267.0
2024-01-07 17:00,284.0
2024-01-07 18:00,284.0
2024-01-07 19:00,284.0
2024-01-07 20:00,270.0
2024-01-07 21:00,275.0
2024-01-07 22:00,268.0
2024-01-07 23:00,281.0
2024-01-08 00:00,274.0
2024-01-08 01:00,284.0
2024-01-08 02:00,283.0
2024-01-08 03:00,293.0
2024-01-08 04:00,285.0
2024-01-08 05:00,288.0
2024-01-08 06:00,285.0
2024-01-08 07:00,288.0
2024-01-08 08:00,285.0
2024-01-08 09:00,282.0
2024-01-08 10:00,289.0
2024-01-08 11:00,284.0
2024-01-08 12:00,281.0
2024-01-08 13:00,281.0
2024-01-08 14:00,287.0
2024-01-08 15:00,275.0
2024-01-08 16:00,284.0
2024-01-08 17:00,277.0
2024-01-08 18:00,275.0
2024-01-08 19:00,276.0
2024-01-08 20:00,280.0
2024-01-08 21:00,278.0
2024-01-08 22:00,281.0
2024-01-08 23:00,281.0
2024-01-09 00:00,282.0
2024-01-09 01:00,273.0
2024-01-09 02:00,282.0
2024-01-09 03:00,290.0
2024-01-09 04:00,279.0
2024-01-09 05:00,278.0
2024-01-09 06:00,291.0
2024-01-09 07:00,281.0
2024-01-09 08:00,283.0
2024-01-09 09:00,290.0
2024-01-09 10:00,285.0
2024-01-09 11:00,285.0
2024-01-09 12:00,281.0
2024-01-09 13:00,285.0
2024-01-09 14:00,287.0
2024-01-09 15:00,288.0
2024-01-09 16:00,285.0
2024-01-09 17:00,287.0
2024-01-09 18:00,290.0
2024-01-09 19:00,281.0
2024-01-09 20:00,283.0
2024-01-09 21:00,288.0
2024-01-09 22:00,284.0
2024-01-09 23:00,291.0
2024-01-10 00:00,283.0
2024-01-10 01:00,287.0
2024-01-10 02:00,287.0
2024-01-10 03:00,274.0
2024-01-10 04:00,292.0
2024-01-10 05:00,288.0
2024-01-10 06:00,296.0
2024-01-10 07:00,293.0
2024-01-10 08:00,278.0
2024-01-10 09:00,283.0
2024-01-10 10:00,286.0
2024-01-10 11:00,295.0
2024-01-10 12:00,283.0
2024-01-10 13:00,283.0
2024-01-10 14:00,286.0
2024-01-10 15:00,289.0
2024-01-10 16:00,290.0
2024-01-10 17:00,286.0
2024-01-10 18:00,290.0
2024-01-10 19:00,295.0
2024-01-10 20:00,293.0
2024-01-10 21:00,287.0
2024-01-10 22:00,290.0
2024-01-10 23:00,292.0
2024-01-11 00:00,289.0
2024-01-11 01:00,286.0
2024-01-11 02:00,293.0
2024-01-11 03:00,297.0
2024-01-11 04:00,290.0
2024-01-11 05:00,293.0
2024-01-11 06:00,304.0
2024-01-11 07:00,289.0
2024-01-11 08:00,296.0
2024-01-11 09:00,293.0
2024-01-11 10:00,290.0
2024-01-11 11:00,292.0
2024-01-11 12:00,290.0
2024-01-11 13:00,288.0
2024-01-11 14:00,288.0
2024-01-11 15:00,290.0
2024-01-11 16:00,287.0
2024-01-11 17:00,287.0
2024-01-11 18:00,290.0
2024-01-11 19:00,286.0
2024-01-11 20:00,288.0
2024-01-11 21:00,278.0
2024-01-11 22:00,285.0
2024-01-11 23:00,285.0
2024-01-12 00:00,289.0
2024-01-12 01:00,278.0
2024-01-12 02:00,288.0
2024-01-12 03:00,281.0
2024-01-12 04:00,280.0
2024-01-12 05:00,283.0
2024-01-12 06:00,281.0
2024-01-12 07:00,272.0
2024-01-12 08:00,274.0
2024-01-12 09:00,281.0
2024-01-12 10:00,276.0
2024-01-12 11:00,276.0
2024-01-12 12:00,271.0
2024-01-12 13:00,276.0
2024-01-12 14:00,273.0
2024-01-12 15:00,275.0
2024-01-12 16:00,279.0
2024-01-12 17:00,265.0
2024-01-12 18:00,101.0
2024-01-12 19:00,278.0
2024-01-12 20:00,273.0
2024-01-12 21:00,104.0
2024-01-12 22:00,102.0
2024-01-12 23:00,101.0
2024-01-13 00:00,
2024-01-13 01:00,115.0
2024-01-13 02:00,113.0
2024-01-13 03:00,107.0
2024-01-13 04:00,113.0
2024-01-13 05:00,108.0
2024-01-13 06:00,114.0
2024-01-13 07:00,106.0
2024-01-13 08:00,108.0
2024-01-13 09:00,111.0
2024-01-13 10:00,281.0
2024-01-13 11:00,277.0
2024-01-13 12:00,274.0
2024-01-13 13:00,266.0
2024-01-13 14:00,274.0
2024-01-13 15:00,278.0
2024-01-13 16:00,274.0
2024-01-13 17:00,275.0
2024-01-13 18:00,274.0
2024-01-13 19:00,271.0
2024-01-13 20:00,271.0
2024-01-13 21:00,268.0
2024-01-13 22:00,268.0
2024-01-13 23:00,276.0
2024-01-14 00:00,264.0
2024-01-14 01:00,271.0
2024-01-14 02:00,269.0
2024-01-14 03:00,269.0
2024-01-14 04:00,276.0
2024-01-14 05:00,278.0
2024-01-14 06:00,281.0
2024-01-14 07:00,274.0
2024-01-14 08:00,278.0
2024-01-14 09:00,265.0
2024-01-14 10:00,281.0
2024-01-14 11:00,267.0
2024-01-14 12:00,278.0
2024-01-14 13:00,271.0
2024-01-14 14:00,265.0
2024-01-14 15:00,264.0
2024-01-14 16:00,268.0
2024-01-14 17:00,276.0
2024-01-14 18:00,271.0
2024-01-14 19:00,276.0
2024-01-14 20:00,273.0
2024-01-14 21:00,274.0
2024-01-14 22:00,278.0
2024-01-14 23:00,271.0
2024-01-15 00:00,264.0
2024-01-15 01:00,269.0
2024-01-15 02:00,270.0
2024-01-15 03:00,274.0
2024-01-15 04:00,264.0
2024-01-15 05:00,273.0
2024-01-15 06:00,270.0
2024-01-15 07:00,274.0
2024-01-15 08:00,277.0
2024-01-15 09:00,273.0
2024-01-15 10:00,267.0
2024-01-15 11:00,271.0
2024-01-15 12:00,271.0
2024-01-15 13:00,271.0
2024-01-15 14:00,269.0
2024-01-15 15:00,272.0
2024-01-15 16:00,279.0
2024-01-15 17:00,276.0
2024-01-15 18:00,274.0
2024-01-15 19:00,271.0
2024-01-15 20:00,275.0
2024-01-15 21:00,278.0
2024-01-15 22:00,279.0
2024-01-15 23:00,283.0
2024-01-16 00:00,276.0
2024-01-16 01:00,272.0
2024-01-16 02:00,277.0
2024-01-16 03:00,278.0
2024-01-16 04:00,282.0
2024-01-16 05:00,281.0
2024-01-16 06:00,272.0
2024-01-16 07:00,274.0
2024-01-16 08:00,283.0
2024-01-16 09:00,281.0
2024-01-16 10:00,270.0
2024-01-16 11:00,271.0
2024-01-16 12:00,263.0
2024-01-16 13:00,194.0
2024-01-16 14:00,184.0
2024-01-16 15:00,190.0
2024-01-16 16:00,205.0
2024-01-16 17:00,224.0
2024-01-16 18:00,193.0
2024-01-16 19:00,220.0
2024-01-16 20:00,210.0
2024-01-16 21:00,219.0
2024-01-16 22:00,227.0
2024-01-16 23:00,219.0
2024-01-17 00:00,231.0
2024-01-17 01:00,229.0
2024-01-17 02:00,243.0
2024-01-17 03:00,244.0
2024-01-17 04:00,231.0
2024-01-17 05:00,243.0
2024-01-17 06:00,238.0
2024-01-17 07:00,266.0
2024-01-17 08:00,267.0
2024-01-17 09:00,271.0
2024-01-17 10:00,264.0
2024-01-17 11:00,262.0
2024-01-17 12:00,262.0
2024-01-17 13:00,259.0
2024-01-17 14:00,262.0
2024-01-17 15:00,262.0
2024-01-17 16:00,259.0
2024-01-17 17:00,258.0
2024-01-17 18:00,257.0
2024-01-17 19:00,257.0
2024-01-17 20:00,262.0
2024-01-17 21:00,257.0
2024-01-17 22:00,257.0
2024-01-17 23:00,266.0
2024-01-18 00:00,271.0
2024-01-18 01:00,269.0
2024-01-18 02:00,261.0
2024-01-18 03:00,258.0
2024-01-18 04:00,255.0
2024-01-18 05:00,257.0
2024-01-18 06:00,258.0
2024-01-18 07:00,257.0
2024-01-18 08:00,276.0
2024-01-18 09:00,269.0
2024-01-18 10:00,259.0
2024-01-18 11:00,265.0
2024-01-18 12:00,266.0
2024-01-18 13:00,261.0
2024-01-18 14:00,264.0
2024-01-18 15:00,269.0
2024-01-18 16:00,265.0
2024-01-18 17:00,269.0
2024-01-18 18:00,265.0
2024-01-18 19:00,269.0
2024-01-18 20:00,273.0
2024-01-18 21:00,269.0
2024-01-18 22:00,265.0
2024-01-18 23:00,273.0
2024-01-19 00:00,262.0
2024-01-19 01:00,278.0
2024-01-19 02:00,269.0
2024-01-19 03:00,266.0
2024-01-19 04:00,276.0
2024-01-19 05:00,258.0
2024-01-19 06:00,270.0
2024-01-19 07:00,237.0
2024-01-19 08:00,236.0
2024-01-19 09:00,234.0
2024-01-19 10:00,251.0
2024-01-19 11:00,268.0
2024-01-19 12:00,252.0
2024-01-19 13:00,274.0
2024-01-19 14:00,291.0
2024-01-19 15:00,283.0
2024-01-19 16:00,290.0
2024-01-19 17:00,292.0
2024-01-19 18:00,284.0
2024-01-19 19:00,288.0
2024-01-19 20:00,291.0
2024-01-19 21:00,274.0
2024-01-19 22:00,273.0
2024-01-19 23:00,271.0
2024-01-20 00:00,281.0
2024-01-20 01:00,275.0
2024-01-20 02:00,269.0
2024-01-20 03:00,282.0
2024-01-20 04:00,285.0
2024-01-20 05:00,291.0
2024-01-20 06:00,262.0
2024-01-20 07:00,283.0
2024-01-20 08:00,266.0
2024-01-20 09:00,269.0
2024-01-20 10:00,274.0
2024-01-20 11:00,281.0
2024-01-20 12:00,293.0
2024-01-20 13:00,288.0
2024-01-20 14:00,282.0
2024-01-20 15:00,285.0
2024-01-20 16:00,288.0
2024-01-20 17:00,278.0
2024-01-20 18:00,290.0
2024-01-20 19:00,278.0
2024-01-20 20:00,289.0
2024-01-20 21:00,287.0
2024-01-20 22:00,277.0
2024-01-20 23:00,276.0
2024-01-21 00:00,283.0
2024-01-21 01:00,294.0
2024-01-21 02:00,291.0
2024-01-21 03:00,284.0
2024-01-21 04:00,281.0
2024-01-21 05:00,285.0
2024-01-21 06:00,285.0
2024-01-21 07:00,278.0
2024-01-21 08:00,289.0
2024-01-21 09:00,288.0
2024-01-21 10:00,283.0
2024-01-21 11:00,280.0
2024-01-21 12:00,78.0
2024-01-21 13:00,291.0
2024-01-21 14:00,298.0
2024-01-21 15:00,285.0
2024-01-21 16:00,293.0
2024-01-21 17:00,294.0
2024-01-21 18:00,298.0
2024-01-21 19:00,295.0
2024-01-21 20:00,290.0
2024-01-21 21:00,290.0
2024-01-21 22:00,290.0
2024-01-21 23:00,288.0
2024-01-22 00:00,291.0
2024-01-22 01:00,290.0
2024-01-22 02:00,295.0
2024-01-22 03:00,287.0
2024-01-22 04:00,297.0
2024-01-22 05:00,292.0
2024-01-22 06:00,292.0
2024-01-22 07:00,297.0
2024-01-22 08:00,292.0
2024-01-22 09:00,296.0
2024-01-22 10:00,289.0
2024-01-22 11:00,293.0
2024-01-22 12:00,299.0
2024-01-22 13:00,295.0
2024-01-22 14:00,294.0
2024-01-22 15:00,292.0
2024-01-22 16:00,292.0
2024-01-22 17:00,294.0
2024-01-22 18:00,287.0
2024-01-22 19:00,293.0
2024-01-22 20:00,297.0
2024-01-22 21:00,291.0
2024-01-22 22:00,294.0
2024-01-22 23:00,295.0
2024-01-23 00:00,302.0
2024-01-23 01:00,297.0
2024-01-23 02:00,293.0
2024-01-23 03:00,298.0
2024-01-23 04:00,295.0
2024-01-23 05:00,298.0
2024-01-23 06:00,295.0
2024-01-23 07:00,295.0
2024-01-23 08:00,296.0
2024-01-23 09:00,295.0
2024-01-23 10:00,293.0
2024-01-23 11:00,293.0
2024-01-23 12:00,292.0
2024-01-23 13:00,294.0
2024-01-23 14:00,295.0
2024-01-23 15:00,292.0
2024-01-23 16:00,294.0
2024-01-23 17:00,292.0
2024-01-23 18:00,300.0
2024-01-23 19:00,283.0
2024-01-23 20:00,290.0
2024-01-23 21:00,293.0
2024-01-23 22:00,289.0
2024-01-23 23:00,290.0
2024-01-24 00:00,296.0
2024-01-24 01:00,291.0
2024-01-24 02:00,295.0
2024-01-25 02:00,301.0
2024-01-25 03:00,293.0
2024-01-25 04:00,298.0
2024-01-25 05:00,297.0
2024-01-25 06:00,295.0
2024-01-25 07:00,281.0
2024-01-25 08:00,297.0
2024-01-25 09:00,297.0
2024-01-25 10:00,283.0
2024-01-25 11:00,288.0
2024-01-25 12:00,282.0
2024-01-25 13:00,293.0
2024-01-25 14:00,288.0
2024-01-25 15:00,286.0
2024-01-25 16:00,290.0
2024-01-25 17:00,285.0
2024-01-25 18:00,290.0
2024-01-25 19:00,285.0
2024-01-25 20:00,290.0
2024-01-25 21:00,289.0
2024-01-25 22:00,283.0
2024-01-25 23:00,281.0
2024-01-26 00:00,279.0
2024-01-26 01:00,284.0
2024-01-26 02:00,289.0
2024-01-26 03:00,288.0
2024-01-26 04:00,277.0
2024-01-26 05:00,283.0
2024-01-26 06:00,292.0
2024-01-26 07:00,290.0
2024-01-26 08:00,288.0
2024-01-26 09:00,288.0
2024-01-26 10:00,285.0
2024-01-26 11:00,285.0
2024-01-26 12:00,283.0
2024-01-26 13:00,288.0
2024-01-26 14:00,289.0
2024-01-26 15:00,281.0
2024-01-26 16:00,286.0
2024-01-26 17:00,294.0
2024-01-26 18:00,290.0
2024-01-26 19:00,291.0
2024-01-26 20:00,293.0
2024-01-26 21:00,291.0
2024-01-26 22:00,297.0
2024-01-26 23:00,292.0
2024-01-27 00:00,284.0
2024-01-27 01:00,281.0
2024-01-27 02:00,281.0
2024-01-27 03:00,278.0
2024-01-27 04:00,275.0
2024-01-27 05:00,285.0
2024-01-27 06:00,274.0
2024-01-27 07:00,289.0
2024-01-27 08:00,290.0
2024-01-27 09:00,287.0
2024-01-27 10:00,289.0
2024-01-27 11:00,295.0
2024-01-27 12:00,293.0
2024-01-27 13:00,293.0
2024-01-27 14:00,295.0
2024-01-27 15:00,300.0
2024-01-27 16:00,297.0
2024-01-27 17:00,300.0
2024-01-27 18:00,297.0
2024-01-27 19:00,295.0
2024-01-27 20:00,291.0
2024-01-27 21:00,299.0
2024-01-27 22:00,301.0
2024-01-27 23:00,287.0
2024-01-28 00:00,290.0
2024-01-28 01:00,292.0
2024-01-28 02:00,290.0
2024-01-28 03:00,293.0
2024-01-28 04:00,289.0
2024-01-28 05:00,296.0
2024-01-28 06:00,297.0
2024-01-28 07:00,299.0
2024-01-28 08:00,298.0
2024-01-28 09:00,291.0
2024-01-28 10:00,297.0
2024-01-28 11:00,295.0
2024-01-28 12:00,290.0
2024-01-28 13:00,295.0
2024-01-28 14:00,288.0
2024-01-28 15:00,291.0
2024-01-28 16:00,293.0
2024-01-28 17:00,302.0
2024-01-28 18:00,307.0
2024-01-28 19:00,300.0
2024-01-28 20:00,300.0
2024-01-28 21:00,292.0
2024-01-28 22:00,295.0
2024-01-28 23:00,302.0
2024-01-29 00:00,304.0
2024-01-29 01:00,287.0
2024-01-29 02:00,293.0
2024-01-29 03:00,287.0
2024-01-29 04:00,293.0
2024-01-29 05:00,295.0
2024-01-29 06:00,292.0
2024-01-29 07:00,299.0
2024-01-29 08:00,289.0
2024-01-29 09:00,292.0
2024-01-29 10:00,103.0
2024-01-29 11:00,290.0
2024-01-29 12:00,284.0
2024-01-29 13:00,285.0
2024-01-29 14:00,285.0
2024-01-29 15:00,295.0
2024-01-29 16:00,288.0
2024-01-29 17:00,301.0
2024-01-29 18:00,299.0
2024-01-29 19:00,299.0
2024-01-29 20:00,307.0
2024-01-29 21:00,293.0
2024-01-29 22:00,296.0
2024-01-29 23:00,284.0
2024-01-30 00:00,107.0
2024-01-30 01:00,295.0
2024-01-30 02:00,296.0
2024-01-30 03:00,291.0
2024-01-30 04:00,297.0
2024-01-30 05:00,299.0
2024-01-30 06:00,295.0
2024-01-30 07:00,293.0
2024-01-30 08:00,289.0
2024-01-30 09:00,295.0
2024-01-30 10:00,291.0
2024-01-30 11:00,302.0
2024-01-30 12:00,282.0
2024-01-30 13:00,110.0
2024-01-30 14:00,105.0
2024-01-30 15:00,281.0
2024-01-30 16:00,287.0
2024-01-30 17:00,108.0
2024-01-30 18:00,105.0
2024-01-30 19:00,108.0
2024-01-30 20:00,109.0
2024-01-30 21:00,110.0
2024-01-30 22:00,112.0
2024-01-30 23:00,115.0
2024-01-31 00:00,280.0
2024-01-31 01:00,116.0
2024-01-31 02:00,283.0
2024-01-31 03:00,115.0
2024-01-31 04:00,112.0
2024-01-31 05:00,104.0
2024-01-31 06:00,110.0
2024-01-31 07:00,112.0
2024-01-31 08:00,108.0
2024-01-31 09:00,108.0
2024-01-31 10:00,101.0
2024-01-31 11:00,108.0
2024-01-31 12:00,104.0
2024-01-31 13:00,109.0
2024-01-31 14:00,109.0
2024-01-31 15:00,113.0
2024-01-31 16:00,110.0
2024-01-31 17:00,113.0
2024-01-31 18:00,108.0
2024-01-31 19:00,103.0
2024-01-31 20:00,117.0
2024-01-31 21:00,105.0
2024-01-31 22:00,110.0
2024-01-31 23:00,113.0
2024-02-01 00:00,110.0
2024-02-01 01:00,113.0
2024-02-01 02:00,291.0
2024-02-01 03:00,108.0
2024-02-01 04:00,105.0
2024-02-01 05:00,103.0
2024-02-01 06:00,286.0
2024-02-01 07:00,118.0
2024-02-01 08:00,107.0
2024-02-01 09:00,106.0
2024-02-01 10:00,293.0
2024-02-01 11:00,110.0
2024-02-01 12:00,288.0
2024-02-01 13:00,285.0
2024-02-01 14:00,114.0
2024-02-01 15:00,111.0
2024-02-01 16:00,278.0
2024-02-01 17:00,286.0
2024-02-01 18:00,290.0
2024-02-01 19:00,113.0
2024-02-01 20:00,288.0
2024-02-01 21:00,118.0
2024-02-01 22:00,293.0
2024-02-01 23:00,292.0
2024-02-02 00:00,280.0
2024-02-02 01:00,297.0
2024-02-02 02:00,281.0
2024-02-02 03:00,290.0
2024-02-02 04:00,295.0
2024-02-02 05:00,277.0
2024-02-02 06:00,287.0
2024-02-02 07:00,299.0
2024-02-02 08:00,296.0
2024-02-02 09:00,297.0
2024-02-02 10:00,115.0
2024-02-02 11:00,295.0
2024-02-02 12:00,295.0
2024-02-02 13:00,287.0
2024-02-02 14:00,295.0
2024-02-02 15:00,304.0
2024-02-02 16:00,288.0
2024-02-02 17:00,300.0
2024-02-02 18:00,289.0
2024-02-02 19:00,298.0
2024-02-02 20:00,288.0
2024-02-02 21:00,290.0
2024-02-02 22:00,299.0
2024-02-02 23:00,288.0
2024-02-03 00:00,307.0
2024-02-03 01:00,295.0
2024-02-03 02:00,115.0
2024-02-03 03:00,122.0
2024-02-03 04:00,114.0
2024-02-03 05:00,111.0
2024-02-03 06:00,109.0
2024-02-03 07:00,108.0
2024-02-03 08:00,103.0
2024-02-03 09:00,103.0
2024-02-03 10:00,102.0
2024-02-03 11:00,109.0
2024-02-03 12:00,106.0
2024-02-03 13:00,103.0
2024-02-03 14:00,107.0
2024-02-03 15:00,101.0
2024-02-03 16:00,110.0
2024-02-03 17:00,106.0
2024-02-03 18:00,104.0
2024-02-03 19:00,110.0
2024-02-03 20:00,109.0
2024-02-03 21:00,111.0
2024-02-03 22:00,111.0
2024-02-03 23:00,109.0
2024-02-04 00:00,105.0
2024-02-04 01:00,107.0
2024-02-04 02:00,108.0
2024-02-04 03:00,110.0
2024-02-04 04:00,115.0
2024-02-04 05:00,108.0
2024-02-04 06:00,113.0
2024-02-04 07:00,108.0
2024-02-04 08:00,108.0
2024-02-04 09:00,109.0
2024-02-04 10:00,103.0
2024-02-04 11:00,109.0
2024-02-04 12:00,105.0
2024-02-04 13:00,109.0
2024-02-04 14:00,107.0
2024-02-04 15:00,111.0
2024-02-04 16:00,103.0
2024-02-04 17:00,109.0
2024-02-04 18:00,289.0
2024-02-04 19:00,283.0
2024-02-04 20:00,288.0
2024-02-04 21:00,281.0
2024-02-04 22:00,283.0
2024-02-04 23:00,107.0
2024-02-05 00:00,295.0
2024-02-05 01:00,276.0
2024-02-05 02:00,286.0
2024-02-05 03:00,294.0
2024-02-05 04:00,292.0
2024-02-05 05:00,288.0
2024-02-05 06:00,282.0
2024-02-05 07:00,293.0
2024-02-05 08:00,290.0
2024-02-05 09:00,287.0
2024-02-05 10:00,289.0
2024-02-05 11:00,281.0
2024-02-05 12:00,289.0
2024-02-05 13:00,292.0
2024-02-05 14:00,287.0
2024-02-05 15:00,291.0
2024-02-05 16:00,291.0
2024-02-05 17:00,293.0
2024-02-05 18:00,278.0
2024-02-05 19:00,300.0
2024-02-05 20:00,284.0
2024-02-05 21:00,289.0
2024-02-05 22:00,287.0
2024-02-05 23:00,283.0
2024-02-06 00:00,279.0
2024-02-06 01:00,295.0
2024-02-06 02:00,306.0
2024-02-06 03:00,284.0
2024-02-06 04:00,291.0
2024-02-06 05:00,293.0
2024-02-06 06:00,298.0
2024-02-06 07:00,290.0
2024-02-06 08:00,279.0
2024-02-06 09:00,288.0
2024-02-06 10:00,302.0
2024-02-06 11:00,284.0
2024-02-06 12:00,301.0
2024-02-06 13:00,274.0
2024-02-06 14:00,302.0
2024-02-06 15:00,287.0
2024-02-06 16:00,306.0
2024-02-06 17:00,305.0
2024-02-06 18:00,304.0
2024-02-06 19:00,288.0
2024-02-06 20:00,285.0
2024-02-06 21:00,294.0
2024-02-06 22:00,288.0
2024-02-06 23:00,291.0
2024-02-07 00:00,284.0
2024-02-07 01:00,309.0
2024-02-07 02:00,298.0
2024-02-07 03:00,303.0
2024-02-07 04:00,300.0
2024-02-07 05:00,295.0
2024-02-07 06:00,288.0
2024-02-07 07:00,290.0
2024-02-07 08:00,295.0
2024-02-07 09:00,281.0
2024-02-07 10:00,274.0
2024-02-07 11:00,289.0
2024-02-07 12:00,277.0
2024-02-07 13:00,290.0
2024-02-07 14:00,285.0
2024-02-07 15:00,298.0
2024-02-07 16:00,261.0
2024-02-07 17:00,288.0
2024-02-07 18:00,285.0
2024-02-07 19:00,293.0
2024-02-07 20:00,275.0
2024-02-07 21:00,280.0
2024-02-07 22:00,279.0
2024-02-07 23:00,276.0
2024-02-08 00:00,276.0
2024-02-08 01:00,279.0
2024-02-08 02:00,288.0
2024-02-08 03:00,264.0
2024-02-08 04:00,278.0
2024-02-08 05:00,274.0
2024-02-08 06:00,288.0
2024-02-08 07:00,283.0
2024-02-08 08:00,192.0
2024-02-08 09:00,197.0
2024-02-08 10:00,208.0
2024-02-08 11:00,199.0
2024-02-08 12:00,215.0
2024-02-08 13:00,211.0
2024-02-08 14:00,207.0
2024-02-08 15:00,224.0
2024-02-08 16:00,206.0
2024-02-08 17:00,229.0
2024-02-08 18:00,218.0
2024-02-08 19:00,214.0
2024-02-08 20:00,219.0
2024-02-08 21:00,223.0
2024-02-08 22:00,238.0
2024-02-08 23:00,245.0
2024-02-09 00:00,247.0
2024-02-09 01:00,275.0
2024-02-09 02:00,272.0
2024-02-09 03:00,252.0
2024-02-09 04:00,243.0
2024-02-09 05:00,236.0
2024-02-09 06:00,233.0
2024-02-09 07:00,247.0
2024-02-09 08:00,241.0
2024-02-09 09:00,250.0
2024-02-09 10:00,221.0
2024-02-09 11:00,246.0
2024-02-09 12:00,262.0
2024-02-09 13:00,236.0
2024-02-09 14:00,255.0
2024-02-09 15:00,238.0
2024-02-09 16:00,233.0
2024-02-09 17:00,218.0
2024-02-09 18:00,243.0
2024-02-09 19:00,238.0
2024-02-09 20:00,238.0
2024-02-09 21:00,247.0
2024-02-09 22:00,264.0
2024-02-09 23:00,258.0
2024-02-10 00:00,264.0
2024-02-10 01:00,264.0
2024-02-10 02:00,246.0
2024-02-10 03:00,252.0
2024-02-10 04:00,277.0
2024-02-10 05:00,283.0
2024-02-10 06:00,291.0
2024-02-10 07:00,298.0
2024-02-10 08:00,283.0
2024-02-10 09:00,278.0
2024-02-10 10:00,285.0
2024-02-10 11:00,288.0
2024-02-10 12:00,283.0
2024-02-10 13:00,284.0
2024-02-10 14:00,281.0
2024-02-10 15:00,285.0
2024-02-10 16:00,289.0
2024-02-10 17:00,283.0
2024-02-10 18:00,283.0
2024-02-10 19:00,279.0
2024-02-10 20:00,283.0
2024-02-10 21:00,281.0
2024-02-10 22:00,283.0
2024-02-10 23:00,282.0
2024-02-11 00:00,286.0
2024-02-11 01:00,283.0
2024-02-11 02:00,288.0
2024-02-11 03:00,284.0
2024-02-11 04:00,286.0
2024-02-11 05:00,289.0
2024-02-11 06:00,286.0
2024-02-11 07:00,288.0
2024-02-11 08:00,286.0
2024-02-11 09:00,269.0
2024-02-11 10:00,292.0
2024-02-11 11:00,288.0
2024-02-11 12:00,288.0
2024-02-11 13:00,283.0
2024-02-11 14:00,278.0
2024-02-11 15:00,279.0
2024-02-11 16:00,252.0
2024-02-11 17:00,289.0
2024-02-11 18:00,281.0
2024-02-11 19:00,271.0
2024-02-11 20:00,283.0
2024-02-11 21:00,287.0
2024-02-11 22:00,274.0
2024-02-11 23:00,281.0
2024-02-12 00:00,288.0
2024-02-12 01:00,285.0
2024-02-12 02:00,285.0
2024-02-12 03:00,273.0
2024-02-12 04:00,283.0
2024-02-12 05:00,292.0
2024-02-12 06:00,293.0
2024-02-12 07:00,282.0
2024-02-12 08:00,293.0
2024-02-12 09:00,291.0
2024-02-12 10:00,290.0
2024-02-12 11:00,285.0
2024-02-12 12:00,288.0
2024-02-12 13:00,281.0
2024-02-12 14:00,285.0
2024-02-12 15:00,280.0
2024-02-12 16:00,280.0
2024-02-12 17:00,288.0
2024-02-12 18:00,288.0
2024-02-12 19:00,290.0
2024-02-12 20:00,292.0
2024-02-12 21:00,282.0
2024-02-12 22:00,288.0
2024-02-12 23:00,286.0
2024-02-13 00:00,284.0
2024-02-13 01:00,287.0
2024-02-13 02:00,284.0
2024-02-13 03:00,284.0
2024-02-13 04:00,288.0
2024-02-13 05:00,282.0
2024-02-13 06:00,279.0
2024-02-13 07:00,281.0
2024-02-13 08:00,286.0
2024-02-13 09:00,274.0
2024-02-13 10:00,278.0
2024-02-13 11:00,283.0
2024-02-13 12:00,281.0
2024-02-13 13:00,276.0
2024-02-13 14:00,281.0
2024-02-13 15:00,276.0
2024-02-13 16:00,278.0
2024-02-13 17:00,282.0
2024-02-13 18:00,280.0
2024-02-13 19:00,274.0
2024-02-13 20:00,293.0
2024-02-13 21:00,288.0
2024-02-13 22:00,278.0
2024-02-13 23:00,282.0
2024-02-14 00:00,
2024-02-14 01:00,271.0
2024-02-14 02:00,280.0
2024-02-14 03:00,280.0
2024-02-14 04:00,274.0
2024-02-14 05:00,281.0
2024-02-14 06:00,283.0
2024-02-14 07:00,290.0
2024-02-14 08:00,285.0
2024-02-14 09:00,278.0
2024-02-14 10:00,278.0
2024-02-14 11:00,293.0
2024-02-14 12:00,290.0
2024-02-14 13:00,288.0
2024-02-14 14:00,289.0
2024-02-14 15:00,287.0
2024-02-14 16:00,288.0
2024-02-14 17:00,288.0
2024-02-14 18:00,285.0
2024-02-14 19:00,106.0
2024-02-14 20:00,105.0
2024-02-14 21:00,276.0
2024-02-14 22:00,283.0
2024-02-14 23:00,294.0
2024-02-15 00:00,288.0
2024-02-15 01:00,289.0
2024-02-15 02:00,283.0
2024-02-15 03:00,290.0
2024-02-15 04:00,291.0
2024-02-15 05:00,290.0
2024-02-15 06:00,280.0
2024-02-15 07:00,283.0
2024-02-15 08:00,287.0
2024-02-15 09:00,293.0
2024-02-15 10:00,288.0
2024-02-15 11:00,283.0
2024-02-15 12:00,282.0
2024-02-15 13:00,283.0
2024-02-15 14:00,289.0
2024-02-15 15:00,288.0
2024-02-15 16:00,281.0
2024-02-15 17:00,286.0
2024-02-15 18:00,282.0
2024-02-15 19:00,282.0
2024-02-15 20:00,276.0
2024-02-15 21:00,285.0
2024-02-15 22:00,277.0
2024-02-15 23:00,291.0
2024-02-16 00:00,285.0
2024-02-16 01:00,283.0
2024-02-16 02:00,292.0
2024-02-16 03:00,287.0
2024-02-16 04:00,276.0
2024-02-16 05:00,280.0
2024-02-16 06:00,290.0
2024-02-16 07:00,286.0
2024-02-16 08:00,277.0
2024-02-16 09:00,278.0
2024-02-16 10:00,285.0
2024-02-16 11:00,286.0
2024-02-16 12:00,289.0
2024-02-16 13:00,276.0
2024-02-16 14:00,278.0
2024-02-16 15:00,287.0
2024-02-16 16:00,290.0
2024-02-16 17:00,282.0
2024-02-16 18:00,281.0
2024-02-16 19:00,276.0
2024-02-16 20:00,273.0
2024-02-16 21:00,283.0
2024-02-16 22:00,284.0
2024-02-16 23:00,278.0
2024-02-17 00:00,286.0
2024-02-17 01:00,284.0
2024-02-17 02:00,281.0
2024-02-17 03:00,283.0
2024-02-17 04:00,283.0
2024-02-17 05:00,295.0
2024-02-17 06:00,275.0
2024-02-17 07:00,278.0
2024-02-17 08:00,274.0
2024-02-17 09:00,272.0
2024-02-17 10:00,283.0
2024-02-17 11:00,274.0
2024-02-17 12:00,296.0
2024-02-17 13:00,277.0
2024-02-17 14:00,292.0
2024-02-17 15:00,295.0
2024-02-17 16:00,285.0
2024-02-17 17:00,285.0
2024-02-17 18:00,289.0
2024-02-17 19:00,285.0
2024-02-17 20:00,292.0
2024-02-17 21:00,290.0
2024-02-17 22:00,302.0
2024-02-17 23:00,284.0
2024-02-18 00:00,295.0
2024-02-18 01:00,290.0
2024-02-18 02:00,288.0
2024-02-18 03:00,293.0
2024-02-18 04:00,284.0
2024-02-18 05:00,286.0
2024-02-18 06:00,283.0
2024-02-18 07:00,283.0
2024-02-18 08:00,285.0
2024-02-18 09:00,285.0
2024-02-18 10:00,286.0
2024-02-18 11:00,287.0
2024-02-18 12:00,290.0
2024-02-18 13:00,297.0
2024-02-18 14:00,300.0
2024-02-18 15:00,280.0
2024-02-18 16:00,284.0
2024-02-18 17:00,286.0
2024-02-18 18:00,283.0
2024-02-18 19:00,286.0
2024-02-18 20:00,290.0
2024-02-18 21:00,286.0
2024-02-18 22:00,285.0
2024-02-18 23:00,288.0
2024-02-19 00:00,297.0
2024-02-19 01:00,292.0
2024-02-19 02:00,291.0
2024-02-19 03:00,292.0
2024-02-19 04:00,292.0
2024-02-19 05:00,284.0
2024-02-19 06:00,289.0
2024-02-19 07:00,287.0
2024-02-19 08:00,286.0
2024-02-19 09:00,283.0
2024-02-19 10:00,285.0
2024-02-19 11:00,287.0
2024-02-19 12:00,285.0
2024-02-19 13:00,293.0
2024-02-19 14:00,293.0
2024-02-19 15:00,295.0
2024-02-19 16:00,296.0
2024-02-19 17:00,288.0
2024-02-19 18:00,291.0
2024-02-19 19:00,286.0
2024-02-19 20:00,276.0
2024-02-19 21:00,281.0
2024-02-19 22:00,281.0
2024-02-19 23:00,282.0
2024-02-20 00:00,286.0
2024-02-20 01:00,299.0
2024-02-20 02:00,286.0
2024-02-20 03:00,300.0
2024-02-20 04:00,295.0
2024-02-20 05:00,294.0
2024-02-20 06:00,291.0
2024-02-20 07:00,300.0
2024-02-20 08:00,291.0
2024-02-20 09:00,291.0
2024-02-20 10:00,286.0
2024-02-20 11:00,289.0
2024-02-20 12:00,295.0
2024-02-20 13:00,281.0
2024-02-20 14:00,292.0
2024-02-20 15:00,286.0
2024-02-20 16:00,290.0
2024-02-20 17:00,284.0
2024-02-20 18:00,290.0
2024-02-20 19:00,288.0
2024-02-20 20:00,290.0
2024-02-20 21:00,294.0
2024-02-20 22:00,291.0
2024-02-20 23:00,285.0
2024-02-21 00:00,293.0
2024-02-21 01:00,285.0
2024-02-21 02:00,300.0
2024-02-21 03:00,301.0
2024-02-21 04:00,288.0
2024-02-21 05:00,289.0
2024-02-21 06:00,295.0
2024-02-21 07:00,290.0
2024-02-21 08:00,290.0
2024-02-21 09:00,282.0
2024-02-21 10:00,290.0
2024-02-21 11:00,274.0
2024-02-21 12:00,285.0
2024-02-21 13:00,287.0
2024-02-21 14:00,289.0
2024-02-21 15:00,285.0
2024-02-21 16:00,293.0
2024-02-21 17:00,291.0
2024-02-21 18:00,285.0
2024-02-21 19:00,282.0
2024-02-21 20:00,295.0
2024-02-21 21:00,293.0
2024-02-21 22:00,307.0
2024-02-21 23:00,305.0
2024-02-22 00:00,313.0
2024-02-22 01:00,292.0
2024-02-22 02:00,297.0
2024-02-22 03:00,297.0
2024-02-22 04:00,302.0
2024-02-22 05:00,299.0
2024-02-22 06:00,303.0
2024-02-22 07:00,291.0
2024-02-22 08:00,293.0
2024-02-22 09:00,304.0
2024-02-22 10:00,295.0
2024-02-22 11:00,302.0
2024-02-22 12:00,296.0
2024-02-22 13:00,300.0
2024-02-22 14:00,295.0
2024-02-22 15:00,294.0
2024-02-22 16:00,292.0
2024-02-22 17:00,300.0
2024-02-22 18:00,293.0
2024-02-22 19:00,295.0
2024-02-22 20:00,296.0
2024-02-22 21:00,311.0
2024-02-22 22:00,295.0
2024-02-22 23:00,299.0
2024-02-23 00:00,312.0
2024-02-23 01:00,293.0
2024-02-23 02:00,311.0
2024-02-23 03:00,305.0
2024-02-23 04:00,294.0
2024-02-23 05:00,297.0
2024-02-23 06:00,293.0
2024-02-23 07:00,290.0
2024-02-23 08:00,302.0
2024-02-23 09:00,302.0
2024-02-23 10:00,303.0
2024-02-23 11:00,308.0
2024-02-23 12:00,297.0
2024-02-23 13:00,306.0
2024-02-23 14:00,294.0
2024-02-23 15:00,306.0
2024-02-23 16:00,307.0
2024-02-23 17:00,299.0
2024-02-23 18:00,308.0
2024-02-23 19:00,301.0
2024-02-23 20:00,303.0
2024-02-23 21:00,304.0
2024-02-23 22:00,301.0
2024-02-23 23:00,304.0
2024-02-24 00:00,304.0
2024-02-24 01:00,304.0
2024-02-24 02:00,309.0
2024-02-24 03:00,300.0
2024-02-24 04:00,304.0
2024-02-24 05:00,307.0
2024-02-24 06:00,300.0
2024-02-24 07:00,301.0
2024-02-24 08:00,307.0
2024-02-24 09:00,308.0
2024-02-24 10:00,300.0
2024-02-24 11:00,304.0
2024-02-24 12:00,307.0
2024-02-24 13:00,305.0
2024-02-24 14:00,304.0
2024-02-24 15:00,302.0
2024-02-24 16:00,306.0
2024-02-24 17:00,309.0
2024-02-24 18:00,302.0
2024-02-24 19:00,300.0
2024-02-24 20:00,311.0
2024-02-24 21:00,308.0
2024-02-24 22:00,303.0
2024-02-24 23:00,297.0
2024-02-25 00:00,295.0
2024-02-25 01:00,304.0
2024-02-25 02:00,302.0
2024-02-25 03:00,304.0
2024-02-25 04:00,304.0
2024-02-25 05:00,300.0
2024-02-25 06:00,302.0
2024-02-25 07:00,300.0
2024-02-25 08:00,298.0
2024-02-25 09:00,299.0
2024-02-25 10:00,296.0
2024-02-25 11:00,288.0
2024-02-25 12:00,296.0
2024-02-25 13:00,294.0
2024-02-25 14:00,295.0
2024-02-25 15:00,303.0
2024-02-25 16:00,297.0
2024-02-25 17:00,303.0
2024-02-25 18:00,303.0
2024-02-25 19:00,301.0
2024-02-25 20:00,296.0
2024-02-25 21:00,293.0
2024-02-25 22:00,300.0
2024-02-25 23:00,300.0
2024-02-26 00:00,294.0
2024-02-26 01:00,302.0
2024-02-26 02:00,300.0
2024-02-26 03:00,300.0
2024-02-26 04:00,302.0
2024-02-26 05:00,295.0
2024-02-26 06:00,280.0
2024-02-26 07:00,295.0
2024-02-26 08:00,293.0
2024-02-26 09:00,295.0
2024-02-26 10:00,290.0
2024-02-26 11:00,283.0
2024-02-26 12:00,290.0
2024-02-26 13:00,302.0
2024-02-26 14:00,300.0
2024-02-26 15:00,300.0
2024-02-26 16:00,300.0
2024-02-26 17:00,300.0
2024-02-26 18:00,297.0
2024-02-26 19:00,299.0
2024-02-26 20:00,297.0
2024-02-26 21:00,290.0
2024-02-26 22:00,301.0
2024-02-26 23:00,300.0
2024-02-27 00:00,297.0
2024-02-27 01:00,302.0
2024-02-27 02:00,300.0
2024-02-27 03:00,302.0
2024-02-27 04:00,297.0
2024-02-27 05:00,293.0
2024-02-27 06:00,295.0
2024-02-27 07:00,297.0
2024-02-27 08:00,318.0
2024-02-27 09:00,328.0
2024-02-27 10:00,338.0
2024-02-27 11:00,354.0
2024-02-27 12:00,332.0
2024-02-27 13:00,321.0
2024-02-27 14:00,300.0
2024-02-27 15:00,299.0
2024-02-27 16:00,302.0
2024-02-27 17:00,293.0
2024-02-27 18:00,297.0
2024-02-27 19:00,300.0
2024-02-27 20:00,304.0
2024-02-27 21:00,288.0
2024-02-27 22:00,300.0
2024-02-27 23:00,295.0
2024-02-28 00:00,295.0
2024-02-28 01:00,292.0
2024-02-28 02:00,294.0
2024-02-28 03:00,295.0
2024-02-28 04:00,293.0
2024-02-28 05:00,295.0
2024-02-28 06:00,295.0
2024-02-28 07:00,301.0
2024-02-28 08:00,306.0
2024-02-28 09:00,295.0
2024-02-28 10:00,290.0
2024-02-28 11:00,302.0
2024-02-28 12:00,288.0
2024-02-28 13:00,301.0
2024-02-28 14:00,289.0
2024-02-28 15:00,288.0
2024-02-28 16:00,306.0
2024-02-28 17:00,303.0
2024-02-28 18:00,288.0
2024-02-28 19:00,300.0
2024-02-28 20:00,293.0
2024-02-28 21:00,293.0
2024-02-28 22:00,303.0
2024-02-28 23:00,297.0
2024-02-29 00:00,299.0
2024-02-29 01:00,295.0
2024-02-29 02:00,295.0
2024-02-29 03:00,296.0
2024-02-29 04:00,291.0
2024-02-29 05:00,305.0
2024-02-29 06:00,302.0
2024-02-29 07:00,334.0
2024-02-29 08:00,297.0
2024-02-29 09:00,338.0
2024-02-29 10:00,319.0
2024-02-29 11:00,329.0
2024-02-29 12:00,338.0
2024-02-29 13:00,328.0
2024-02-29 14:00,323.0
2024-02-29 15:00,289.0
2024-02-29 16:00,293.0
2024-02-29 17:00,290.0
2024-02-29 18:00,295.0
2024-02-29 19:00,307.0
2024-02-29 20:00,305.0
2024-02-29 21:00,294.0
2024-02-29 22:00,298.0
2024-02-29 23:00,297.0
2024-03-01 00:00,312.0
2024-03-01 01:00,300.0
2024-03-01 02:00,319.0
2024-03-01 03:00,330.0
2024-03-01 04:00,294.0
2024-03-01 05:00,302.0
2024-03-01 06:00,338.0
2024-03-01 07:00,312.0
2024-03-01 08:00,349.0
2024-03-01 09:00,336.0
2024-03-01 10:00,301.0
2024-03-01 11:00,297.0
2024-03-01 12:00,302.0
2024-03-01 13:00,300.0
2024-03-01 14:00,292.0
2024-03-01 15:00,298.0
2024-03-01 16:00,292.0
2024-03-01 17:00,301.0
2024-03-01 18:00,300.0
2024-03-01 19:00,292.0
2024-03-01 20:00,299.0
2024-03-01 21:00,299.0
2024-03-01 22:00,297.0
2024-03-01 23:00,296.0
2024-03-02 00:00,296.0
2024-03-02 01:00,300.0
2024-03-02 02:00,303.0
2024-03-02 03:00,299.0
2024-03-02 04:00,304.0
2024-03-02 05:00,300.0
2024-03-02 06:00,295.0
2024-03-02 07:00,299.0
2024-03-02 08:00,295.0
2024-03-02 09:00,296.0
2024-03-02 10:00,304.0
2024-03-02 11:00,302.0
2024-03-02 12:00,298.0
2024-03-02 13:00,309.0
2024-03-02 14:00,301.0
2024-03-02 15:00,308.0
2024-03-02 16:00,300.0
2024-03-02 17:00,296.0
2024-03-02 18:00,302.0
2024-03-02 19:00,295.0
2024-03-02 20:00,296.0
2024-03-02 21:00,283.0
2024-03-02 22:00,290.0
2024-03-02 23:00,290.0
2024-03-03 00:00,293.0
2024-03-03 01:00,295.0
2024-03-03 02:00,290.0
2024-03-03 03:00,300.0
2024-03-03 04:00,300.0
2024-03-03 05:00,295.0
2024-03-03 06:00,301.0
2024-03-03 07:00,297.0
2024-03-03 08:00,293.0
2024-03-03 09:00,284.0
2024-03-03 10:00,292.0
2024-03-03 11:00,297.0
2024-03-03 12:00,293.0
2024-03-03 13:00,297.0
2024-03-03 14:00,293.0
2024-03-03 15:00,294.0
2024-03-03 16:00,292.0
2024-03-03 17:00,297.0
2024-03-03 18:00,304.0
2024-03-03 19:00,288.0
2024-03-03 20:00,299.0
2024-03-03 21:00,293.0
2024-03-03 22:00,294.0
2024-03-03 23:00,290.0
2024-03-04 00:00,294.0
2024-03-04 01:00,288.0
2024-03-04 02:00,290.0
2024-03-04 03:00,
2024-03-04 04:00,294.0
2024-03-04 05:00,295.0
2024-03-04 06:00,296.0
2024-03-04 07:00,295.0
2024-03-04 08:00,290.0
2024-03-04 09:00,294.0
2024-03-04 10:00,297.0
2024-03-04 11:00,297.0
2024-03-04 12:00,284.0
2024-03-04 13:00,290.0
2024-03-04 14:00,291.0
2024-03-04 15:00,288.0
2024-03-04 16:00,285.0
2024-03-04 17:00,277.0
2024-03-04 18:00,290.0
2024-03-04 19:00,291.0
2024-03-04 20:00,293.0
2024-03-04 21:00,283.0
2024-03-04 22:00,287.0
2024-03-04 23:00,286.0
2024-03-05 00:00,290.0
2024-03-05 01:00,283.0
2024-03-05 02:00,286.0
2024-03-05 03:00,300.0
2024-03-05 04:00,288.0
2024-03-05 05:00,302.0
2024-03-05 06:00,304.0
2024-03-05 07:00,302.0
2024-03-05 08:00,304.0
2024-03-05 09:00,302.0
2024-03-05 10:00,302.0
2024-03-05 11:00,299.0
2024-03-05 12:00,302.0
2024-03-05 13:00,81.0
2024-03-05 14:00,76.0
2024-03-05 15:00,
2024-03-05 16:00,
2024-03-05 17:00,
2024-03-05 18:00,
2024-03-05 19:00,
2024-03-05 20:00,
2024-03-05 21:00,
2024-03-05 22:00,
2024-03-05 23:00,
2024-03-06 00:00,
2024-03-06 01:00,
2024-03-06 02:00,
2024-03-06 03:00,
2024-03-06 04:00,
2024-03-06 05:00,
2024-03-06 06:00,
2024-03-06 07:00,
2024-03-06 08:00,
2024-03-06 09:00,
2024-03-06 10:00,
2024-03-06 11:00,
2024-03-06 12:00,
2024-03-06 13:00,
2024-03-06 14:00,
2024-03-06 15:00,
2024-03-06 16:00,
2024-03-06 17:00,
2024-03-06 18:00,
2024-03-06 19:00,
2024-03-06 20:00,
2024-03-06 21:00,
2024-03-06 22:00,
2024-03-06 23:00,
2024-03-07 00:00,
2024-03-07 01:00,
2024-03-07 02:00,
2024-03-07 03:00,
2024-03-07 04:00,
2024-03-07 05:00,
2024-03-07 06:00,
2024-03-07 07:00,
2024-03-07 08:00,
2024-03-07 09:00,
2024-03-07 10:00,
2024-03-07 11:00,
2024-03-07 12:00,
2024-03-07 13:00,
2024-03-07 14:00,
2024-03-07 15:00,
2024-03-07 16:00,
2024-03-07 17:00,
2024-03-07 18:00,
2024-03-07 19:00,
2024-03-07 20:00,
2024-03-07 21:00,
2024-03-07 22:00,
2024-03-07 23:00,
2024-03-08 00:00,
2024-03-08 01:00,
2024-03-08 02:00,
2024-03-08 03:00,
2024-03-08 04:00,
2024-03-08 05:00,
2024-03-08 06:00,
2024-03-08 07:00,
2024-03-08 08:00,
2024-03-08 09:00,
2024-03-08 10:00,
2024-03-08 11:00,
2024-03-08 12:00,
2024-03-08 13:00,
2024-03-08 14:00,
2024-03-08 15:00,
2024-03-08 16:00,
2024-03-08 17:00,
2024-03-08 18:00,
2024-03-08 19:00,
2024-03-08 20:00,
2024-03-08 21:00,
2024-03-08 22:00,
2024-03-08 23:00,
2024-03-09 00:00,
2024-03-09 01:00,
2024-03-09 02:00,
2024-03-09 03:00,
2024-03-09 04:00,
2024-03-09 05:00,
2024-03-09 06:00,
2024-03-09 07:00,
2024-03-09 08:00,
2024-03-09 09:00,
2024-03-09 10:00,
2024-03-09 11:00,
2024-03-09 12:00,
2024-03-09 13:00,
2024-03-09 14:00,
2024-03-09 15:00,
2024-03-09 16:00,
2024-03-09 17:00,
2024-03-09 18:00,
2024-03-09 19:00,
2024-03-09 20:00,
2024-03-09 21:00,
2024-03-09 22:00,
2024-03-09 23:00,
2024-03-10 00:00,
2024-03-10 01:00,
2024-03-10 02:00,
2024-03-10 03:00,
2024-03-10 04:00,
2024-03-10 05:00,
2024-03-10 06:00,
2024-03-10 07:00,
2024-03-10 08:00,
2024-03-10 09:00,
2024-03-10 10:00,
2024-03-10 11:00,
2024-03-10 12:00,
2024-03-10 13:00,
2024-03-10 14:00,
2024-03-10 15:00,
2024-03-10 16:00,
2024-03-10 17:00,
2024-03-10 18:00,
2024-03-10 19:00,
2024-03-10 20:00,
2024-03-10 21:00,
2024-03-10 22:00,
2024-03-10 23:00,
2024-03-11 00:00,
2024-03-11 01:00,
2024-03-11 02:00,
2024-03-11 03:00,
2024-03-11 04:00,
2024-03-11 05:00,
2024-03-11 06:00,
2024-03-11 07:00,
2024-03-11 08:00,
2024-03-11 09:00,
2024-03-11 10:00,
2024-03-11 11:00,
2024-03-11 12:00,
2024-03-11 13:00,
2024-03-11 14:00,
2024-03-11 15:00,
2024-03-11 16:00,
2024-03-11 17:00,
2024-03-11 18:00,
2024-03-11 19:00,
2024-03-11 20:00,
2024-03-11 21:00,
2024-03-11 22:00,
2024-03-11 23:00,
2024-03-12 00:00,
2024-03-12 01:00,
2024-03-12 02:00,
2024-03-12 03:00,288.0
2024-03-12 04:00,297.0
2024-03-12 05:00,295.0
2024-03-12 06:00,295.0
2024-03-12 07:00,288.0
2024-03-12 08:00,290.0
2024-03-12 09:00,290.0
2024-03-12 10:00,295.0
2024-03-12 11:00,301.0
2024-03-12 12:00,303.0
2024-03-12 13:00,293.0
2024-03-12 14:00,283.0
2024-03-12 15:00,286.0
2024-03-12 16:00,290.0
2024-03-12 17:00,288.0
2024-03-12 18:00,295.0
2024-03-12 19:00,295.0
2024-03-12 20:00,286.0
2024-03-12 21:00,288.0
2024-03-12 22:00,124.0
2024-03-12 23:00,117.0
2024-03-13 00:00,115.0
2024-03-13 01:00,105.0
2024-03-13 02:00,108.0
2024-03-13 03:00,107.0
2024-03-13 04:00,105.0
2024-03-13 05:00,103.0
2024-03-13 06:00,100.0
2024-03-13 07:00,103.0
2024-03-13 08:00,106.0
2024-03-13 09:00,105.0
2024-03-13 10:00,105.0
2024-03-13 11:00,101.0
2024-03-13 12:00,103.0
2024-03-13 13:00,98.0
2024-03-13 14:00,100.0
2024-03-13 15:00,110.0
2024-03-13 16:00,100.0
2024-03-13 17:00,107.0
2024-03-13 18:00,106.0
2024-03-13 19:00,295.0
2024-03-13 20:00,293.0
2024-03-13 21:00,283.0
2024-03-13 22:00,287.0
2024-03-13 23:00,290.0
2024-03-14 00:00,285.0
2024-03-14 01:00,279.0
2024-03-14 02:00,281.0
2024-03-14 03:00,276.0
2024-03-14 04:00,276.0
2024-03-14 05:00,283.0
2024-03-14 06:00,274.0
2024-03-14 07:00,280.0
2024-03-14 08:00,278.0
2024-03-14 09:00,271.0
2024-03-14 10:00,281.0
2024-03-14 11:00,279.0
2024-03-14 12:00,283.0
2024-03-14 13:00,274.0
2024-03-14 14:00,276.0
2024-03-14 15:00,281.0
2024-03-14 16:00,283.0
2024-03-14 17:00,283.0
2024-03-14 18:00,281.0
2024-03-14 19:00,281.0
2024-03-14 20:00,269.0
2024-03-14 21:00,283.0
2024-03-14 22:00,275.0
2024-03-14 23:00,276.0
2024-03-15 00:00,265.0
2024-03-15 01:00,278.0
2024-03-15 02:00,279.0
2024-03-15 03:00,280.0
2024-03-15 04:00,280.0
2024-03-15 05:00,272.0
2024-03-15 06:00,265.0
2024-03-15 07:00,278.0
2024-03-15 08:00,262.0
2024-03-15 09:00,278.0
2024-03-15 10:00,281.0
2024-03-15 11:00,271.0
2024-03-15 12:00,288.0
2024-03-15 13:00,287.0
2024-03-15 14:00,290.0
2024-03-15 15:00,281.0
2024-03-15 16:00,276.0
2024-03-15 17:00,279.0
2024-03-15 18:00,276.0
2024-03-15 19:00,274.0
2024-03-15 20:00,275.0
2024-03-15 21:00,274.0
2024-03-15 22:00,274.0
2024-03-15 23:00,288.0
2024-03-16 00:00,271.0
2024-03-16 01:00,278.0
2024-03-16 02:00,275.0
2024-03-16 03:00,276.0
2024-03-16 04:00,274.0
2024-03-16 05:00,278.0
2024-03-16 06:00,279.0
2024-03-16 07:00,279.0
2024-03-16 08:00,283.0
2024-03-16 09:00,281.0
2024-03-16 10:00,266.0
2024-03-16 11:00,289.0
2024-03-16 12:00,280.0
2024-03-16 13:00,275.0
2024-03-16 14:00,283.0
2024-03-16 15:00,282.0
2024-03-16 16:00,272.0
2024-03-16 17:00,278.0
2024-03-16 18:00,282.0
2024-03-16 19:00,277.0
2024-03-16 20:00,279.0
2024-03-16 21:00,281.0
2024-03-16 22:00,278.0
2024-03-16 23:00,282.0
2024-03-17 00:00,279.0
2024-03-17 01:00,279.0
2024-03-17 02:00,272.0
2024-03-17 03:00,281.0
2024-03-17 04:00,278.0
2024-03-17 05:00,269.0
2024-03-17 06:00,273.0
2024-03-17 07:00,278.0
2024-03-17 08:00,281.0
2024-03-17 09:00,276.0
2024-03-17 10:00,283.0
2024-03-17 11:00,284.0
2024-03-17 12:00,268.0
2024-03-17 13:00,276.0
2024-03-17 14:00,274.0
2024-03-17 15:00,278.0
2024-03-17 16:00,269.0
2024-03-17 17:00,274.0
2024-03-17 18:00,276.0
2024-03-17 19:00,281.0
2024-03-17 20:00,277.0
2024-03-17 21:00,282.0
2024-03-17 22:00,290.0
2024-03-17 23:00,280.0
2024-03-18 00:00,274.0
2024-03-18 01:00,279.0
2024-03-18 02:00,281.0
2024-03-18 03:00,277.0
2024-03-18 04:00,276.0
2024-03-18 05:00,266.0
2024-03-18 06:00,277.0
2024-03-18 07:00,275.0
2024-03-18 08:00,278.0
2024-03-18 09:00,281.0
2024-03-18 10:00,281.0
2024-03-18 11:00,276.0
2024-03-18 12:00,269.0
2024-03-18 13:00,273.0
2024-03-18 14:00,271.0
2024-03-18 15:00,277.0
2024-03-18 16:00,275.0
2024-03-18 17:00,269.0
2024-03-18 18:00,278.0
2024-03-18 19:00,277.0
2024-03-18 20:00,278.0
2024-03-18 21:00,280.0
2024-03-18 22:00,280.0
2024-03-18 23:00,280.0
2024-03-19 00:00,281.0
2024-03-19 01:00,283.0
2024-03-19 02:00,269.0
2024-03-19 03:00,276.0
2024-03-19 04:00,275.0
2024-03-19 05:00,285.0
2024-03-19 06:00,277.0
2024-03-19 07:00,277.0
2024-03-19 08:00,273.0
2024-03-19 09:00,276.0
2024-03-19 10:00,270.0
2024-03-19 11:00,274.0
2024-03-19 12:00,277.0
2024-03-19 13:00,274.0
2024-03-19 14:00,293.0
2024-03-19 15:00,278.0
2024-03-19 16:00,285.0
2024-03-19 17:00,280.0
2024-03-19 18:00,273.0
2024-03-19 19:00,272.0
2024-03-19 20:00,278.0
2024-03-19 21:00,284.0
2024-03-19 22:00,277.0
2024-03-19 23:00,275.0
2024-03-20 00:00,277.0
2024-03-20 01:00,285.0
2024-03-20 02:00,293.0
2024-03-20 03:00,281.0
2024-03-20 04:00,285.0
2024-03-20 05:00,305.0
2024-03-20 06:00,292.0
2024-03-20 07:00,297.0
2024-03-20 08:00,292.0
2024-03-20 09:00,294.0
2024-03-20 10:00,297.0
2024-03-20 11:00,289.0
2024-03-20 12:00,295.0
2024-03-20 13:00,286.0
2024-03-20 14:00,293.0
2024-03-20 15:00,299.0
2024-03-20 16:00,287.0
2024-03-20 17:00,282.0
2024-03-20 18:00,290.0
2024-03-20 19:00,288.0
2024-03-20 20:00,285.0
2024-03-20 21:00,290.0
2024-03-20 22:00,293.0
2024-03-20 23:00,293.0
2024-03-21 00:00,285.0
2024-03-21 01:00,288.0
2024-03-21 02:00,285.0
2024-03-21 03:00,289.0
2024-03-21 04:00,288.0
2024-03-21 05:00,289.0
2024-03-21 06:00,290.0
2024-03-21 07:00,282.0
2024-03-21 08:00,281.0
2024-03-21 09:00,286.0
2024-03-21 10:00,293.0
2024-03-21 11:00,292.0
2024-03-21 12:00,288.0
2024-03-21 13:00,282.0
2024-03-21 14:00,170.0
2024-03-21 15:00,292.0
2024-03-21 16:00,284.0
2024-03-21 17:00,285.0
2024-03-21 18:00,283.0
2024-03-21 19:00,117.0
2024-03-21 20:00,127.0
2024-03-21 21:00,103.0
2024-03-21 22:00,99.0
2024-03-21 23:00,86.0
2024-03-22 00:00,278.0
2024-03-22 01:00,279.0
2024-03-22 02:00,277.0
2024-03-22 03:00,289.0
2024-03-22 04:00,279.0
2024-03-22 05:00,283.0
2024-03-22 06:00,295.0
2024-03-22 07:00,285.0
2024-03-22 08:00,287.0
2024-03-22 09:00,280.0
2024-03-22 10:00,293.0
2024-03-22 11:00,115.0
2024-03-22 12:00,115.0
2024-03-22 13:00,120.0
2024-03-22 14:00,120.0
2024-03-22 15:00,115.0
2024-03-22 16:00,110.0
2024-03-22 17:00,104.0
2024-03-22 18:00,101.0
2024-03-22 19:00,103.0
2024-03-22 20:00,105.0
2024-03-22 21:00,98.0
2024-03-22 22:00,100.0
2024-03-22 23:00,89.0
2024-03-23 00:00,96.0
2024-03-23 01:00,107.0
2024-03-23 02:00,100.0
2024-03-23 03:00,104.0
2024-03-23 04:00,104.0
2024-03-23 05:00,107.0
2024-03-23 06:00,102.0
2024-03-23 07:00,107.0
2024-03-23 08:00,100.0
2024-03-23 09:00,109.0
2024-03-23 10:00,107.0
2024-03-23 11:00,290.0
2024-03-23 12:00,307.0
2024-03-23 13:00,298.0
2024-03-23 14:00,84.0
2024-03-23 15:00,96.0
2024-03-23 16:00,99.0
2024-03-23 17:00,94.0
2024-03-23 18:00,294.0
2024-03-23 19:00,294.0
2024-03-23 20:00,92.0
2024-03-23 21:00,94.0
2024-03-23 22:00,288.0
2024-03-23 23:00,290.0
2024-03-24 00:00,98.0
2024-03-24 01:00,107.0
2024-03-24 02:00,293.0
2024-03-24 03:00,293.0
2024-03-24 04:00,115.0
2024-03-24 05:00,120.0
2024-03-24 06:00,117.0
2024-03-24 07:00,109.0
2024-03-24 08:00,115.0
2024-03-24 09:00,108.0
2024-03-24 10:00,108.0
2024-03-24 11:00,107.0
2024-03-24 12:00,111.0
2024-03-24 13:00,142.0
2024-03-24 14:00,112.0
2024-03-24 15:00,107.0
2024-03-24 16:00,114.0
2024-03-24 17:00,112.0
2024-03-24 18:00,110.0
2024-03-24 19:00,105.0
2024-03-24 20:00,108.0
2024-03-24 21:00,107.0
2024-03-24 22:00,291.0
2024-03-24 23:00,101.0
2024-03-25 00:00,117.0
2024-03-25 01:00,140.0
2024-03-25 02:00,101.0
2024-03-25 03:00,146.0
2024-03-25 04:00,172.0
2024-03-25 05:00,281.0
2024-03-25 06:00,174.0
2024-03-25 07:00,191.0
2024-03-25 08:00,182.0
2024-03-25 09:00,192.0
2024-03-25 10:00,190.0
2024-03-25 11:00,198.0
2024-03-25 12:00,195.0
2024-03-25 13:00,202.0
2024-03-25 14:00,284.0
2024-03-25 15:00,295.0
2024-03-25 16:00,304.0
2024-03-25 17:00,296.0
2024-03-25 18:00,302.0
2024-03-25 19:00,299.0
2024-03-25 20:00,309.0
2024-03-25 21:00,295.0
2024-03-25 22:00,302.0
2024-03-25 23:00,301.0
2024-03-26 00:00,286.0
2024-03-26 01:00,293.0
2024-03-26 02:00,278.0
2024-03-26 03:00,283.0
2024-03-26 04:00,285.0
2024-03-26 05:00,274.0
2024-03-26 06:00,282.0
2024-03-26 07:00,295.0
2024-03-26 08:00,284.0
2024-03-26 09:00,294.0
2024-03-26 10:00,290.0
2024-03-26 11:00,289.0
2024-03-26 12:00,293.0
2024-03-26 13:00,297.0
2024-03-26 14:00,294.0
2024-03-26 15:00,294.0
2024-03-26 16:00,293.0
2024-03-26 17:00,297.0
2024-03-26 18:00,289.0
2024-03-26 19:00,302.0
2024-03-26 20:00,282.0
2024-03-26 21:00,289.0
2024-03-26 22:00,295.0
2024-03-26 23:00,302.0
2024-03-27 00:00,282.0
2024-03-27 01:00,289.0
2024-03-27 02:00,307.0
2024-03-27 03:00,288.0
2024-03-27 04:00,300.0
2024-03-27 05:00,292.0
2024-03-27 06:00,283.0
2024-03-27 07:00,297.0
2024-03-27 08:00,301.0
2024-03-27 09:00,292.0
2024-03-27 10:00,282.0
2024-03-27 11:00,300.0
2024-03-27 12:00,310.0
2024-03-27 13:00,298.0
2024-03-27 14:00,295.0
2024-03-27 15:00,299.0
2024-03-27 16:00,247.0
2024-03-27 17:00,297.0
2024-03-27 18:00,248.0
2024-03-27 19:00,248.0
2024-03-27 20:00,246.0
2024-03-27 21:00,266.0
2024-03-27 22:00,233.0
2024-03-27 23:00,264.0
2024-03-28 00:00,277.0
2024-03-28 01:00,275.0
2024-03-28 02:00,243.0
2024-03-28 03:00,288.0
2024-03-28 04:00,245.0
2024-03-28 05:00,256.0
2024-03-28 06:00,248.0
2024-03-28 07:00,240.0
2024-03-28 08:00,238.0
2024-03-28 09:00,245.0
2024-03-28 10:00,234.0
2024-03-28 11:00,239.0
2024-03-28 12:00,244.0
2024-03-28 13:00,249.0
2024-03-28 14:00,222.0
2024-03-28 15:00,227.0
2024-03-28 16:00,230.0
2024-03-28 17:00,219.0
2024-03-28 18:00,223.0
2024-03-28 19:00,266.0
2024-03-28 20:00,246.0
2024-03-28 21:00,232.0
2024-03-28 22:00,254.0
2024-03-28 23:00,212.0
2024-03-29 00:00,292.0
2024-03-29 01:00,216.0
2024-03-29 02:00,259.0
2024-03-29 03:00,295.0
2024-03-29 04:00,300.0
2024-03-29 05:00,217.0
2024-03-29 06:00,228.0
2024-03-29 07:00,294.0
2024-03-29 08:00,257.0
2024-03-29 09:00,231.0
2024-03-29 10:00,257.0
2024-03-29 11:00,276.0
2024-03-29 12:00,304.0
2024-03-29 13:00,226.0
2024-03-29 14:00,302.0
2024-03-29 15:00,305.0
2024-03-29 16:00,278.0
2024-03-29 17:00,284.0
2024-03-29 18:00,306.0
2024-03-29 19:00,241.0
2024-03-29 20:00,300.0
2024-03-29 21:00,271.0
2024-03-29 22:00,293.0
2024-03-29 23:00,290.0
2024-03-30 00:00,244.0
2024-03-30 01:00,250.0
2024-03-30 02:00,236.0
2024-03-30 03:00,251.0
2024-03-30 04:00,241.0
2024-03-30 05:00,256.0
2024-03-30 06:00,250.0
2024-03-30 07:00,248.0
2024-03-30 08:00,257.0
2024-03-30 09:00,297.0
2024-03-30 10:00,286.0
2024-03-30 11:00,252.0
2024-03-30 12:00,253.0
2024-03-30 13:00,245.0
2024-03-30 14:00,256.0
2024-03-30 15:00,248.0
2024-03-30 16:00,261.0
2024-03-30 17:00,240.0
2024-03-30 18:00,226.0
2024-03-30 19:00,245.0
2024-03-30 20:00,243.0
2024-03-30 21:00,245.0
2024-03-30 22:00,250.0
2024-03-30 23:00,234.0
2024-03-31 00:00,254.0
2024-03-31 03:00,224.0
2024-03-31 04:00,244.0
2024-03-31 05:00,252.0
2024-03-31 06:00,259.0
2024-03-31 07:00,248.0
2024-03-31 08:00,230.0
2024-03-31 09:00,254.0
2024-03-31 10:00,243.0
2024-03-31 11:00,273.0
2024-03-31 12:00,245.0
2024-03-31 13:00,272.0
2024-03-31 14:00,255.0
2024-03-31 15:00,257.0
2024-03-31 16:00,250.0
2024-03-31 17:00,240.0
2024-03-31 18:00,263.0
2024-03-31 19:00,261.0
2024-03-31 20:00,266.0
2024-03-31 21:00,241.0
2024-03-31 22:00,234.0
2024-03-31 23:00,246.0
2024-04-01 00:00,4.0
2024-04-01 01:00,251.0
2024-04-01 02:00,276.0
2024-04-01 03:00,271.0
2024-04-01 04:00,269.0
2024-04-01 05:00,262.0
2024-04-01 06:00,282.0
2024-04-01 07:00,280.0
2024-04-01 08:00,264.0
2024-04-01 09:00,277.0
2024-04-01 10:00,288.0
2024-04-01 11:00,284.0
2024-04-01 12:00,278.0
2024-04-01 13:00,268.0
2024-04-01 14:00,284.0
2024-04-01 15:00,281.0
2024-04-01 16:00,286.0
2024-04-01 17:00,278.0
2024-04-01 18:00,290.0
2024-04-01 19:00,284.0
2024-04-01 20:00,278.0
2024-04-01 21:00,274.0
2024-04-01 22:00,285.0
2024-04-01 23:00,287.0
2024-04-02 00:00,290.0
2024-04-02 01:00,283.0
2024-04-02 02:00,275.0
2024-04-02 03:00,279.0
2024-04-02 04:00,293.0
2024-04-02 05:00,285.0
2024-04-02 06:00,288.0
2024-04-02 07:00,280.0
2024-04-02 08:00,288.0
2024-04-02 09:00,286.0
2024-04-02 10:00,288.0
2024-04-02 11:00,274.0
2024-04-02 12:00,280.0
2024-04-02 13:00,290.0
2024-04-02 14:00,281.0
2024-04-02 15:00,277.0
2024-04-02 16:00,277.0
2024-04-02 17:00,297.0
2024-04-02 18:00,288.0
2024-04-02 19:00,291.0
2024-04-02 20:00,274.0
2024-04-02 21:00,280.0
2024-04-02 22:00,277.0
2024-04-02 23:00,281.0
2024-04-03 00:00,273.0
2024-04-03 01:00,
2024-04-03 02:00,
2024-04-03 03:00,
2024-04-03 04:00,
2024-04-03 05:00,
2024-04-03 06:00,
2024-04-03 07:00,
2024-04-03 08:00,
2024-04-03 09:00,
2024-04-03 10:00,
2024-04-03 11:00,
2024-04-03 12:00,
2024-04-03 13:00,
2024-04-03 14:00,
2024-04-03 15:00,
2024-04-03 16:00,
2024-04-03 17:00,
2024-04-03 18:00,
2024-04-03 19:00,
2024-04-03 20:00,
2024-04-03 21:00,
2024-04-03 22:00,
2024-04-03 23:00,
2024-04-04 00:00,
2024-04-04 01:00,
2024-04-04 02:00,
2024-04-04 03:00,
2024-04-04 04:00,
2024-04-04 05:00,
2024-04-04 06:00,
2024-04-04 07:00,
2024-04-04 08:00,
2024-04-04 09:00,
2024-04-04 10:00,
2024-04-04 11:00,
2024-04-04 12:00,
2024-04-04 13:00,
2024-04-04 14:00,
2024-04-04 15:00,
2024-04-04 16:00,
2024-04-04 17:00,
2024-04-04 18:00,
2024-04-04 19:00,
2024-04-04 20:00,
2024-04-04 21:00,
2024-04-04 22:00,
2024-04-04 23:00,
2024-04-05 00:00,
2024-04-05 01:00,
2024-04-05 02:00,
2024-04-05 03:00,
2024-04-05 04:00,
2024-04-05 05:00,
2024-04-05 06:00,
2024-04-05 07:00,
2024-04-05 08:00,
2024-04-05 09:00,
2024-04-05 10:00,
2024-04-05 11:00,
2024-04-05 12:00,
2024-04-05 13:00,
2024-04-05 14:00,
2024-04-05 15:00,
2024-04-05 16:00,
2024-04-05 17:00,
2024-04-05 18:00,
2024-04-05 19:00,
2024-04-05 20:00,
2024-04-05 21:00,
2024-04-05 22:00,
2024-04-05 23:00,
2024-04-06 00:00,
2024-04-06 01:00,
2024-04-06 02:00,
2024-04-06 03:00,
2024-04-06 04:00,
2024-04-06 05:00,
2024-04-06 06:00,
2024-04-06 07:00,
2024-04-06 08:00,
2024-04-06 09:00,
2024-04-06 10:00,
2024-04-06 11:00,
2024-04-06 12:00,
2024-04-06 13:00,
2024-04-06 14:00,
2024-04-06 15:00,
2024-04-06 16:00,
2024-04-06 17:00,
2024-04-06 18:00,
2024-04-06 19:00,
2024-04-06 20:00,
2024-04-06 21:00,
2024-04-06 22:00,
2024-04-06 23:00,
2024-04-07 00:00,
2024-04-07 01:00,
2024-04-07 02:00,
2024-04-07 03:00,
2024-04-07 04:00,
2024-04-07 05:00,
2024-04-07 06:00,
2024-04-07 07:00,
2024-04-07 08:00,
2024-04-07 09:00,
2024-04-07 10:00,
2024-04-07 11:00,
2024-04-07 12:00,
2024-04-07 13:00,
2024-04-07 14:00,
2024-04-07 15:00,
2024-04-07 16:00,
2024-04-07 17:00,
2024-04-07 18:00,
2024-04-07 19:00,
2024-04-07 20:00,
2024-04-07 21:00,
2024-04-07 22:00,
2024-04-07 23:00,
2024-04-08 00:00,
2024-04-08 01:00,
2024-04-08 02:00,
2024-04-08 03:00,
2024-04-08 04:00,
2024-04-08 05:00,
2024-04-08 06:00,
2024-04-08 07:00,
2024-04-08 08:00,
2024-04-08 09:00,
2024-04-08 10:00,
2024-04-08 11:00,
2024-04-08 12:00,
2024-04-08 13:00,
2024-04-08 14:00,
2024-04-08 15:00,
2024-04-08 16:00,
2024-04-08 17:00,
2024-04-08 18:00,
2024-04-08 19:00,
2024-04-08 20:00,
2024-04-08 21:00,
2024-04-08 22:00,
2024-04-08 23:00,
2024-04-09 00:00,
2024-04-09 01:00,
2024-04-09 02:00,
2024-04-09 03:00,
2024-04-09 04:00,
2024-04-09 05:00,
2024-04-09 06:00,
2024-04-09 07:00,
2024-04-09 08:00,
2024-04-09 09:00,
2024-04-09 10:00,
2024-04-09 11:00,
2024-04-09 12:00,
2024-04-09 13:00,
2024-04-09 14:00,
2024-04-09 15:00,
2024-04-09 16:00,
2024-04-09 17:00,
2024-04-09 18:00,
2024-04-09 19:00,
2024-04-09 20:00,
2024-04-09 21:00,
2024-04-09 22:00,
2024-04-09 23:00,
2024-04-10 00:00,
2024-04-10 01:00,
2024-04-10 02:00,
2024-04-10 03:00,285.0
2024-04-10 04:00,292.0
2024-04-10 05:00,288.0
2024-04-10 06:00,289.0
2024-04-10 07:00,288.0
2024-04-10 08:00,281.0
2024-04-10 09:00,290.0
2024-04-10 10:00,72.0
2024-04-10 11:00,68.0
2024-04-10 12:00,83.0
2024-04-10 13:00,77.0
2024-04-10 14:00,64.0
2024-04-10 15:00,85.0
2024-04-10 16:00,116.0
2024-04-10 17:00,122.0
2024-04-10 18:00,118.0
2024-04-10 19:00,115.0
2024-04-10 20:00,109.0
2024-04-10 21:00,116.0
2024-04-10 22:00,105.0
2024-04-10 23:00,104.0
2024-04-11 00:00,117.0
2024-04-11 01:00,287.0
2024-04-11 02:00,
2024-04-11 03:00,109.0
2024-04-11 04:00,113.0
2024-04-11 05:00,280.0
2024-04-11 06:00,112.0
2024-04-11 07:00,273.0
2024-04-11 08:00,79.0
2024-04-11 09:00,280.0
2024-04-11 10:00,288.0
2024-04-11 11:00,290.0
2024-04-11 12:00,63.0
2024-04-11 13:00,70.0
2024-04-11 14:00,72.0
2024-04-11 15:00,283.0
2024-04-11 16:00,288.0
2024-04-11 17:00,276.0
2024-04-11 18:00,285.0
2024-04-11 19:00,274.0
2024-04-11 20:00,278.0
2024-04-11 21:00,117.0
2024-04-11 22:00,113.0
2024-04-11 23:00,119.0
2024-04-12 00:00,119.0
2024-04-12 01:00,113.0
2024-04-12 02:00,116.0
2024-04-12 03:00,111.0
2024-04-12 04:00,109.0
2024-04-12 05:00,110.0
2024-04-12 06:00,103.0
2024-04-12 07:00,114.0
2024-04-12 08:00,113.0
2024-04-12 09:00,110.0
2024-04-12 10:00,108.0
2024-04-12 11:00,103.0
2024-04-12 12:00,100.0
2024-04-12 13:00,103.0
2024-04-12 14:00,109.0
2024-04-12 15:00,112.0
2024-04-12 16:00,116.0
2024-04-12 17:00,120.0
2024-04-12 18:00,114.0
2024-04-12 19:00,111.0
2024-04-12 20:00,108.0
2024-04-12 21:00,111.0
2024-04-12 22:00,113.0
2024-04-12 23:00,115.0
2024-04-13 00:00,299.0
2024-04-13 01:00,290.0
2024-04-13 02:00,288.0
2024-04-13 03:00,285.0
2024-04-13 04:00,289.0
2024-04-13 05:00,288.0
2024-04-13 06:00,281.0
2024-04-13 07:00,283.0
2024-04-13 08:00,289.0
2024-04-13 09:00,299.0
2024-04-13 10:00,287.0
2024-04-13 11:00,278.0
2024-04-13 12:00,287.0
2024-04-13 13:00,285.0
2024-04-13 14:00,283.0
2024-04-13 15:00,288.0
2024-04-13 16:00,292.0
2024-04-13 17:00,285.0
2024-04-13 18:00,286.0
2024-04-13 19:00,285.0
2024-04-13 20:00,282.0
2024-04-13 21:00,283.0
2024-04-13 22:00,294.0
2024-04-13 23:00,296.0
2024-04-14 00:00,291.0
2024-04-14 01:00,293.0
2024-04-14 02:00,295.0
2024-04-14 03:00,283.0
2024-04-14 04:00,288.0
2024-04-14 05:00,291.0
2024-04-14 06:00,290.0
2024-04-14 07:00,290.0
2024-04-14 08:00,295.0
2024-04-14 09:00,286.0
2024-04-14 10:00,288.0
2024-04-14 11:00,283.0
2024-04-14 12:00,292.0
2024-04-14 13:00,293.0
2024-04-14 14:00,289.0
2024-04-14 15:00,288.0
2024-04-14 16:00,295.0
2024-04-14 17:00,297.0
2024-04-14 18:00,118.0
2024-04-14 19:00,300.0
2024-04-14 20:00,289.0
2024-04-14 21:00,288.0
2024-04-14 22:00,289.0
2024-04-14 23:00,296.0
2024-04-15 00:00,285.0
2024-04-15 01:00,290.0
2024-04-15 02:00,293.0
2024-04-15 03:00,298.0
2024-04-15 04:00,292.0
2024-04-15 05:00,291.0
2024-04-15 06:00,293.0
2024-04-15 07:00,283.0
2024-04-15 08:00,289.0
2024-04-15 09:00,296.0
2024-04-15 10:00,288.0
2024-04-15 11:00,291.0
2024-04-15 12:00,292.0
2024-04-15 13:00,286.0
2024-04-15 14:00,278.0
2024-04-15 15:00,295.0
2024-04-15 16:00,298.0
2024-04-15 17:00,290.0
2024-04-15 18:00,291.0
2024-04-15 19:00,295.0
2024-04-15 20:00,283.0
2024-04-15 21:00,283.0
2024-04-15 22:00,293.0
2024-04-15 23:00,303.0
2024-04-16 00:00,297.0
2024-04-16 01:00,293.0
2024-04-16 02:00,298.0
2024-04-16 03:00,296.0
2024-04-16 04:00,300.0
2024-04-16 05:00,296.0
2024-04-16 06:00,295.0
2024-04-16 07:00,299.0
2024-04-16 08:00,296.0
2024-04-16 09:00,297.0
2024-04-16 10:00,304.0
2024-04-16 11:00,293.0
2024-04-16 12:00,295.0
2024-04-16 13:00,294.0
2024-04-16 14:00,302.0
2024-04-16 15:00,297.0
2024-04-16 16:00,295.0
2024-04-16 17:00,300.0
2024-04-16 18:00,309.0
2024-04-16 19:00,311.0
2024-04-16 20:00,297.0
2024-04-16 21:00,302.0
2024-04-16 22:00,311.0
2024-04-16 23:00,295.0
2024-04-17 00:00,291.0
2024-04-17 01:00,302.0
2024-04-17 02:00,296.0
2024-04-17 03:00,293.0
2024-04-17 04:00,298.0
2024-04-17 05:00,288.0
2024-04-17 06:00,295.0
2024-04-17 07:00,303.0
2024-04-17 08:00,306.0
2024-04-17 09:00,288.0
2024-04-17 10:00,297.0
2024-04-17 11:00,295.0
2024-04-17 12:00,302.0
2024-04-17 13:00,301.0
2024-04-17 14:00,303.0
2024-04-17 15:00,293.0
2024-04-17 16:00,307.0
2024-04-17 17:00,293.0
2024-04-17 18:00,330.0
2024-04-17 19:00,290.0
2024-04-17 20:00,297.0
2024-04-17 21:00,309.0
2024-04-17 22:00,314.0
2024-04-17 23:00,304.0
2024-04-18 00:00,309.0
2024-04-18 01:00,311.0
2024-04-18 02:00,288.0
2024-04-18 03:00,284.0
2024-04-18 04:00,272.0
2024-04-18 05:00,297.0
2024-04-18 06:00,279.0
2024-04-18 07:00,294.0
2024-04-18 08:00,295.0
2024-04-18 09:00,295.0
2024-04-18 10:00,285.0
2024-04-18 11:00,295.0
2024-04-18 12:00,288.0
2024-04-18 13:00,305.0
2024-04-18 14:00,283.0
2024-04-18 15:00,272.0
2024-04-18 16:00,290.0
2024-04-18 17:00,275.0
2024-04-18 18:00,264.0
2024-04-18 19:00,276.0
2024-04-18 20:00,288.0
2024-04-18 21:00,297.0
2024-04-18 22:00,302.0
2024-04-18 23:00,304.0
2024-04-19 00:00,276.0
2024-04-19 01:00,272.0
2024-04-19 02:00,264.0
2024-04-19 03:00,262.0
2024-04-19 04:00,264.0
2024-04-19 05:00,260.0
2024-04-19 06:00,266.0
2024-04-19 07:00,266.0
2024-04-19 08:00,271.0
2024-04-19 09:00,118.0
2024-04-19 10:00,119.0
2024-04-19 11:00,116.0
2024-04-19 12:00,112.0
2024-04-19 13:00,112.0
2024-04-19 14:00,107.0
2024-04-19 15:00,104.0
2024-04-19 16:00,103.0
2024-04-19 17:00,105.0
2024-04-19 18:00,105.0
2024-04-19 19:00,112.0
2024-04-19 20:00,103.0
2024-04-19 21:00,103.0
2024-04-19 22:00,103.0
2024-04-19 23:00,101.0
2024-04-20 00:00,103.0
2024-04-20 01:00,113.0
2024-04-20 02:00,106.0
2024-04-20 03:00,103.0
2024-04-20 04:00,108.0
2024-04-20 05:00,100.0
2024-04-20 06:00,106.0
2024-04-20 07:00,112.0
2024-04-20 08:00,99.0
2024-04-20 09:00,101.0
2024-04-20 10:00,101.0
2024-04-20 11:00,97.0
2024-04-20 12:00,99.0
2024-04-20 13:00,105.0
2024-04-20 14:00,95.0
2024-04-20 15:00,105.0
2024-04-20 16:00,101.0
2024-04-20 17:00,110.0
2024-04-20 18:00,112.0
2024-04-20 19:00,105.0
2024-04-20 20:00,102.0
2024-04-20 21:00,101.0
2024-04-20 22:00,101.0
2024-04-20 23:00,105.0
2024-04-21 00:00,101.0
2024-04-21 01:00,104.0
2024-04-21 02:00,108.0
2024-04-21 03:00,110.0
2024-04-21 04:00,110.0
2024-04-21 05:00,121.0
2024-04-21 06:00,115.0
2024-04-21 07:00,102.0
2024-04-21 08:00,103.0
2024-04-21 09:00,269.0
2024-04-21 10:00,96.0
2024-04-21 11:00,118.0
2024-04-21 12:00,115.0
2024-04-21 13:00,111.0
2024-04-21 14:00,113.0
2024-04-21 15:00,122.0
2024-04-21 16:00,120.0
2024-04-21 17:00,113.0
2024-04-21 18:00,117.0
2024-04-21 19:00,108.0
2024-04-21 20:00,113.0
2024-04-21 21:00,108.0
2024-04-21 22:00,108.0
2024-04-21 23:00,108.0
2024-04-22 00:00,113.0
2024-04-22 01:00,111.0
2024-04-22 02:00,110.0
2024-04-22 03:00,108.0
2024-04-22 04:00,105.0
2024-04-22 05:00,105.0
2024-04-22 06:00,103.0
2024-04-22 07:00,105.0
2024-04-22 08:00,105.0
2024-04-22 09:00,102.0
2024-04-22 10:00,115.0
2024-04-22 11:00,110.0
2024-04-22 12:00,108.0
2024-04-22 13:00,121.0
2024-04-22 14:00,120.0
2024-04-22 15:00,110.0
2024-04-22 16:00,119.0
2024-04-22 17:00,283.0
2024-04-22 18:00,306.0
2024-04-22 19:00,300.0
2024-04-22 20:00,302.0
2024-04-22 21:00,304.0
2024-04-22 22:00,304.0
2024-04-22 23:00,295.0
2024-04-23 00:00,293.0
2024-04-23 01:00,295.0
2024-04-23 02:00,288.0
2024-04-23 03:00,291.0
2024-04-23 04:00,288.0
2024-04-23 05:00,286.0
2024-04-23 06:00,285.0
2024-04-23 07:00,291.0
2024-04-23 08:00,33.0
2024-04-23 09:00,32.0
2024-04-23 10:00,34.0
2024-04-23 11:00,30.0
2024-04-23 12:00,41.0
2024-04-23 13:00,4.0
2024-04-23 14:00,33.0
2024-04-23 15:00,38.0
2024-04-23 16:00,53.0
2024-04-23 17:00,51.0
2024-04-23 18:00,56.0
2024-04-23 19:00,99.0
2024-04-23 20:00,115.0
2024-04-23 21:00,103.0
2024-04-23 22:00,293.0
2024-04-23 23:00,285.0
2024-04-24 00:00,286.0
2024-04-24 01:00,288.0
2024-04-24 02:00,292.0
2024-04-24 03:00,308.0
2024-04-24 04:00,297.0
2024-04-24 05:00,286.0
2024-04-24 06:00,290.0
2024-04-24 07:00,287.0
2024-04-24 08:00,296.0
2024-04-24 09:00,290.0
2024-04-24 10:00,291.0
2024-04-24 11:00,285.0
2024-04-24 12:00,295.0
2024-04-24 13:00,285.0
2024-04-24 14:00,288.0
2024-04-24 15:00,282.0
2024-04-24 16:00,290.0
2024-04-24 17:00,297.0
2024-04-24 18:00,296.0
2024-04-24 19:00,290.0
2024-04-24 20:00,296.0
2024-04-24 21:00,290.0
2024-04-24 22:00,296.0
2024-04-24 23:00,288.0
2024-04-25 00:00,299.0
2024-04-25 01:00,292.0
2024-04-25 02:00,300.0
2024-04-25 03:00,297.0
2024-04-25 04:00,299.0
2024-04-25 05:00,295.0
2024-04-25 06:00,294.0
2024-04-25 07:00,290.0
2024-04-25 08:00,310.0
2024-04-25 09:00,306.0
2024-04-25 10:00,303.0
2024-04-25 11:00,326.0
2024-04-25 12:00,323.0
2024-04-25 13:00,309.0
2024-04-25 14:00,298.0
2024-04-25 15:00,312.0
2024-04-25 16:00,304.0
2024-04-25 17:00,299.0
2024-04-25 18:00,302.0
2024-04-25 19:00,307.0
2024-04-25 20:00,302.0
2024-04-25 21:00,305.0
2024-04-25 22:00,300.0
2024-04-25 23:00,306.0
2024-04-26 00:00,305.0
2024-04-26 01:00,307.0
2024-04-26 02:00,307.0
2024-04-26 03:00,308.0
2024-04-26 04:00,300.0
2024-04-26 05:00,311.0
2024-04-26 06:00,307.0
2024-04-26 07:00,302.0
2024-04-26 08:00,297.0
2024-04-26 09:00,295.0
2024-04-26 10:00,283.0
2024-04-26 11:00,293.0
2024-04-26 12:00,292.0
2024-04-26 13:00,283.0
2024-04-26 14:00,285.0
2024-04-26 15:00,276.0
2024-04-26 16:00,276.0
2024-04-26 17:00,279.0
2024-04-26 18:00,285.0
2024-04-26 19:00,278.0
2024-04-26 20:00,267.0
2024-04-26 21:00,266.0
2024-04-26 22:00,250.0
2024-04-26 23:00,256.0
2024-04-27 00:00,262.0
2024-04-27 01:00,278.0
2024-04-27 02:00,280.0
2024-04-27 03:00,274.0
2024-04-27 04:00,301.0
2024-04-27 05:00,297.0
2024-04-27 06:00,285.0
2024-04-27 07:00,289.0
2024-04-27 08:00,283.0
2024-04-27 09:00,281.0
2024-04-27 10:00,285.0
2024-04-27 11:00,289.0
2024-04-27 12:00,287.0
2024-04-27 13:00,288.0
2024-04-27 14:00,286.0
2024-04-27 15:00,289.0
2024-04-27 16:00,298.0
2024-04-27 17:00,293.0
2024-04-27 18:00,300.0
2024-04-27 19:00,297.0
2024-04-27 20:00,297.0
2024-04-27 21:00,297.0
2024-04-27 22:00,304.0
2024-04-27 23:00,306.0
2024-04-28 00:00,300.0
2024-04-28 01:00,304.0
2024-04-28 02:00,297.0
2024-04-28 03:00,307.0
2024-04-28 04:00,307.0
2024-04-28 05:00,297.0
2024-04-28 06:00,300.0
2024-04-28 07:00,300.0
2024-04-28 08:00,304.0
2024-04-28 09:00,301.0
2024-04-28 10:00,298.0
2024-04-28 11:00,301.0
2024-04-28 12:00,296.0
2024-04-28 13:00,300.0
2024-04-28 14:00,302.0
2024-04-28 15:00,299.0
2024-04-28 16:00,309.0
2024-04-28 17:00,307.0
2024-04-28 18:00,297.0
2024-04-28 19:00,300.0
2024-04-28 20:00,303.0
2024-04-28 21:00,304.0
2024-04-28 22:00,302.0
2024-04-28 23:00,302.0
2024-04-29 00:00,301.0
2024-04-29 01:00,297.0
2024-04-29 02:00,301.0
2024-04-29 03:00,297.0
2024-04-29 04:00,297.0
2024-04-29 05:00,295.0
2024-04-29 06:00,295.0
2024-04-29 07:00,300.0
2024-04-29 08:00,300.0
2024-04-29 09:00,322.0
2024-04-29 10:00,326.0
2024-04-29 11:00,332.0
2024-04-29 12:00,329.0
2024-04-29 13:00,340.0
2024-04-29 14:00,299.0
2024-04-29 15:00,300.0
2024-04-29 16:00,282.0
2024-04-29 17:00,302.0
2024-04-29 18:00,302.0
2024-04-29 19:00,295.0
2024-04-29 20:00,298.0
2024-04-29 21:00,298.0
2024-04-29 22:00,120.0
2024-04-29 23:00,298.0
2024-04-30 00:00,300.0
2024-04-30 01:00,305.0
2024-04-30 02:00,298.0
2024-04-30 03:00,292.0
2024-04-30 04:00,301.0
2024-04-30 05:00,291.0
2024-04-30 06:00,283.0
2024-04-30 07:00,285.0
2024-04-30 08:00,280.0
2024-04-30 09:00,287.0
2024-04-30 10:00,290.0
2024-04-30 11:00,286.0
2024-04-30 12:00,283.0
2024-04-30 13:00,293.0
2024-04-30 14:00,280.0
2024-04-30 15:00,276.0
2024-04-30 16:00,293.0
2024-04-30 17:00,296.0
2024-04-30 18:00,278.0
2024-04-30 19:00,301.0
2024-04-30 20:00,289.0
2024-04-30 21:00,279.0
2024-04-30 22:00,284.0
2024-04-30 23:00,278.0
2024-05-01 00:00,288.0
2024-05-01 01:00,282.0
2024-05-01 02:00,276.0
2024-05-01 03:00,285.0
2024-05-01 04:00,277.0
2024-05-01 05:00,288.0
2024-05-01 06:00,283.0
2024-05-01 07:00,293.0
2024-05-01 08:00,286.0
2024-05-01 09:00,300.0
2024-05-01 10:00,288.0
2024-05-01 11:00,292.0
2024-05-01 12:00,290.0
2024-05-01 13:00,299.0
2024-05-01 14:00,295.0
2024-05-01 15:00,287.0
2024-05-01 16:00,300.0
2024-05-01 17:00,301.0
2024-05-01 18:00,293.0
2024-05-01 19:00,296.0
2024-05-01 20:00,301.0
2024-05-01 21:00,295.0
2024-05-01 22:00,297.0
2024-05-01 23:00,294.0
2024-05-02 00:00,298.0
2024-05-02 01:00,307.0
2024-05-02 02:00,301.0
2024-05-02 03:00,302.0
2024-05-02 04:00,302.0
2024-05-02 05:00,304.0
2024-05-02 06:00,303.0
2024-05-02 07:00,303.0
2024-05-02 08:00,302.0
2024-05-02 09:00,302.0
2024-05-02 10:00,300.0
2024-05-02 11:00,302.0
2024-05-02 12:00,304.0
2024-05-02 13:00,303.0
2024-05-02 14:00,308.0
2024-05-02 15:00,302.0
2024-05-02 16:00,302.0
2024-05-02 17:00,303.0
2024-05-02 18:00,304.0
2024-05-02 19:00,300.0
2024-05-02 20:00,301.0
2024-05-02 21:00,302.0
2024-05-02 22:00,302.0
2024-05-02 23:00,299.0
2024-05-03 00:00,304.0
2024-05-03 01:00,308.0
2024-05-03 02:00,301.0
2024-05-03 03:00,308.0
2024-05-03 04:00,300.0
2024-05-03 05:00,300.0
2024-05-03 06:00,297.0
2024-05-03 07:00,307.0
2024-05-03 08:00,306.0
2024-05-03 09:00,301.0
2024-05-03 10:00,296.0
2024-05-03 11:00,297.0
2024-05-03 12:00,306.0
2024-05-03 13:00,304.0
2024-05-03 14:00,290.0
2024-05-03 15:00,299.0
2024-05-03 16:00,297.0
2024-05-03 17:00,301.0
2024-05-03 18:00,301.0
2024-05-03 19:00,300.0
2024-05-03 20:00,300.0
2024-05-03 21:00,297.0
2024-05-03 22:00,290.0
2024-05-03 23:00,301.0
2024-05-04 00:00,313.0
2024-05-04 01:00,319.0
2024-05-04 02:00,316.0
2024-05-04 03:00,292.0
2024-05-04 04:00,323.0
2024-05-04 05:00,302.0
2024-05-04 06:00,285.0
2024-05-04 07:00,290.0
2024-05-04 08:00,279.0
2024-05-04 09:00,274.0
2024-05-04 10:00,293.0
2024-05-04 11:00,290.0
2024-05-04 12:00,281.0
2024-05-04 13:00,277.0
2024-05-04 14:00,278.0
2024-05-04 15:00,288.0
2024-05-04 16:00,288.0
2024-05-04 17:00,293.0
2024-05-04 18:00,288.0
2024-05-04 19:00,283.0
2024-05-04 20:00,288.0
2024-05-04 21:00,290.0
2024-05-04 22:00,292.0
2024-05-04 23:00,289.0
2024-05-05 00:00,300.0
2024-05-05 01:00,290.0
2024-05-05 02:00,288.0
2024-05-05 03:00,291.0
2024-05-05 04:00,292.0
2024-05-05 05:00,288.0
2024-05-05 06:00,284.0
2024-05-05 07:00,286.0
2024-05-05 08:00,283.0
2024-05-05 09:00,290.0
2024-05-05 10:00,292.0
2024-05-05 11:00,281.0
2024-05-05 12:00,281.0
2024-05-05 13:00,289.0
2024-05-05 14:00,284.0
2024-05-05 15:00,276.0
2024-05-05 16:00,283.0
2024-05-05 17:00,281.0
2024-05-05 18:00,274.0
2024-05-05 19:00,283.0
2024-05-05 20:00,289.0
2024-05-05 21:00,288.0
2024-05-05 22:00,285.0
2024-05-05 23:00,290.0
2024-05-06 00:00,276.0
2024-05-06 01:00,288.0
2024-05-06 02:00,281.0
2024-05-06 03:00,276.0
2024-05-06 04:00,286.0
2024-05-06 05:00,278.0
2024-05-06 06:00,283.0
2024-05-06 07:00,292.0
2024-05-06 08:00,283.0
2024-05-06 09:00,294.0
2024-05-06 10:00,289.0
2024-05-06 11:00,284.0
2024-05-06 12:00,285.0
2024-05-06 13:00,282.0
2024-05-06 14:00,283.0
2024-05-06 15:00,281.0
2024-05-06 16:00,276.0
2024-05-06 17:00,285.0
2024-05-06 18:00,281.0
2024-05-06 19:00,288.0
2024-05-06 20:00,300.0
2024-05-06 21:00,284.0
2024-05-06 22:00,288.0
2024-05-06 23:00,291.0
2024-05-07 00:00,294.0
2024-05-07 01:00,281.0
2024-05-07 02:00,286.0
2024-05-07 03:00,286.0
2024-05-07 04:00,290.0
2024-05-07 05:00,279.0
2024-05-07 06:00,278.0
2024-05-07 07:00,291.0
2024-05-07 08:00,285.0
2024-05-07 09:00,288.0
2024-05-07 10:00,288.0
2024-05-07 11:00,282.0
2024-05-07 12:00,293.0
2024-05-07 13:00,278.0
2024-05-07 14:00,283.0
2024-05-07 15:00,291.0
2024-05-07 16:00,284.0
2024-05-07 17:00,288.0
2024-05-07 18:00,284.0
2024-05-07 19:00,288.0
2024-05-07 20:00,282.0
2024-05-07 21:00,283.0
2024-05-07 22:00,288.0
2024-05-07 23:00,288.0
2024-05-08 00:00,292.0
2024-05-08 01:00,283.0
2024-05-08 02:00,295.0
2024-05-08 03:00,283.0
2024-05-08 04:00,291.0
2024-05-08 05:00,287.0
2024-05-08 06:00,282.0
2024-05-08 07:00,274.0
2024-05-08 08:00,283.0
2024-05-08 09:00,111.0
2024-05-08 10:00,113.0
2024-05-08 11:00,101.0
2024-05-08 12:00,108.0
2024-05-08 13:00,106.0
2024-05-08 14:00,111.0
2024-05-08 15:00,107.0
2024-05-08 16:00,109.0
2024-05-08 17:00,112.0
2024-05-08 18:00,111.0
2024-05-08 19:00,111.0
2024-05-08 20:00,118.0
2024-05-08 21:00,113.0
2024-05-08 22:00,109.0
2024-05-08 23:00,110.0
2024-05-09 00:00,108.0
2024-05-09 01:00,107.0
2024-05-09 02:00,109.0
2024-05-09 03:00,108.0
2024-05-09 04:00,105.0
2024-05-09 05:00,112.0
2024-05-09 06:00,107.0
2024-05-09 07:00,112.0
2024-05-09 08:00,109.0
2024-05-09 09:00,103.0
2024-05-09 10:00,112.0
2024-05-09 11:00,111.0
2024-05-09 12:00,116.0
2024-05-09 13:00,106.0
2024-05-09 14:00,113.0
2024-05-09 15:00,113.0
2024-05-09 16:00,108.0
2024-05-09 17:00,107.0
2024-05-09 18:00,110.0
2024-05-09 19:00,109.0
2024-05-09 20:00,107.0
2024-05-09 21:00,110.0
2024-05-09 22:00,109.0
2024-05-09 23:00,110.0
2024-05-10 00:00,103.0
2024-05-10 01:00,109.0
2024-05-10 02:00,113.0
2024-05-10 03:00,108.0
2024-05-10 04:00,113.0
2024-05-10 05:00,105.0
2024-05-10 06:00,114.0
2024-05-10 07:00,115.0
2024-05-10 08:00,107.0
2024-05-10 09:00,105.0
2024-05-10 10:00,127.0
2024-05-10 11:00,106.0
2024-05-10 12:00,113.0
2024-05-10 13:00,114.0
2024-05-10 14:00,106.0
2024-05-10 15:00,116.0
2024-05-10 16:00,113.0
2024-05-10 17:00,110.0
2024-05-10 18:00,110.0
2024-05-10 19:00,108.0
2024-05-10 20:00,124.0
2024-05-10 21:00,108.0
2024-05-10 22:00,109.0
2024-05-10 23:00,111.0
2024-05-11 00:00,112.0
2024-05-11 01:00,113.0
2024-05-11 02:00,110.0
2024-05-11 03:00,102.0
2024-05-11 04:00,111.0
2024-05-11 05:00,117.0
2024-05-11 06:00,103.0
2024-05-11 07:00,117.0
2024-05-11 08:00,108.0
2024-05-11 09:00,110.0
2024-05-11 10:00,120.0
2024-05-11 11:00,121.0
2024-05-11 12:00,260.0
2024-05-11 13:00,149.0
2024-05-11 14:00,110.0
2024-05-11 15:00,159.0
2024-05-11 16:00,144.0
2024-05-11 17:00,141.0
2024-05-11 18:00,107.0
2024-05-11 19:00,294.0
2024-05-11 20:00,295.0
2024-05-11 21:00,298.0
2024-05-11 22:00,302.0
2024-05-11 23:00,288.0
2024-05-12 00:00,271.0
2024-05-12 01:00,285.0
2024-05-12 02:00,283.0
2024-05-12 03:00,290.0
2024-05-12 04:00,295.0
2024-05-12 05:00,299.0
2024-05-12 06:00,293.0
2024-05-12 07:00,285.0
2024-05-12 08:00,294.0
2024-05-12 09:00,297.0
2024-05-12 10:00,297.0
2024-05-12 11:00,300.0
2024-05-12 12:00,298.0
2024-05-12 13:00,293.0
2024-05-12 14:00,288.0
2024-05-12 15:00,292.0
2024-05-12 16:00,285.0
2024-05-12 17:00,297.0
2024-05-12 18:00,289.0
2024-05-12 19:00,289.0
2024-05-12 20:00,295.0
2024-05-12 21:00,293.0
2024-05-12 22:00,301.0
2024-05-12 23:00,299.0
2024-05-13 00:00,304.0
2024-05-13 01:00,291.0
2024-05-13 02:00,300.0
2024-05-13 03:00,301.0
2024-05-13 04:00,311.0
2024-05-13 05:00,306.0
2024-05-13 06:00,295.0
2024-05-13 07:00,294.0
2024-05-13 08:00,301.0
2024-05-13 09:00,307.0
2024-05-13 10:00,285.0
2024-05-13 11:00,301.0
2024-05-13 12:00,285.0
2024-05-13 13:00,296.0
2024-05-13 14:00,294.0
2024-05-13 15:00,294.0
2024-05-13 16:00,296.0
2024-05-13 17:00,295.0
2024-05-13 18:00,302.0
2024-05-13 19:00,300.0
2024-05-13 20:00,298.0
2024-05-13 21:00,300.0
2024-05-13 22:00,303.0
2024-05-13 23:00,299.0
2024-05-14 00:00,304.0
2024-05-14 01:00,293.0
2024-05-14 02:00,295.0
2024-05-14 03:00,295.0
2024-05-14 04:00,295.0
2024-05-14 05:00,283.0
2024-05-14 06:00,285.0
2024-05-14 07:00,286.0
2024-05-14 08:00,302.0
2024-05-14 09:00,293.0
2024-05-14 10:00,300.0
2024-05-14 11:00,292.0
2024-05-14 12:00,288.0
2024-05-14 13:00,295.0
2024-05-14 14:00,295.0
2024-05-14 15:00,299.0
2024-05-14 16:00,299.0
2024-05-14 17:00,291.0
2024-05-14 18:00,296.0
2024-05-14 19:00,304.0
2024-05-14 20:00,297.0
2024-05-14 21:00,298.0
2024-05-14 22:00,298.0
2024-05-14 23:00,305.0
2024-05-15 00:00,290.0
2024-05-15 01:00,290.0
2024-05-15 02:00,297.0
2024-05-15 03:00,294.0
2024-05-15 04:00,297.0
2024-05-15 05:00,300.0
2024-05-15 06:00,297.0
2024-05-15 07:00,294.0
2024-05-15 08:00,290.0
2024-05-15 09:00,293.0
2024-05-15 10:00,292.0
2024-05-15 11:00,295.0
2024-05-15 12:00,298.0
2024-05-15 13:00,290.0
2024-05-15 14:00,291.0
2024-05-15 15:00,297.0
2024-05-15 16:00,293.0
2024-05-15 17:00,300.0
2024-05-15 18:00,298.0
2024-05-15 19:00,298.0
2024-05-15 20:00,303.0
2024-05-15 21:00,294.0
2024-05-15 22:00,298.0
2024-05-15 23:00,
2024-05-16 00:00,
2024-05-16 01:00,
2024-05-16 02:00,
2024-05-16 03:00,302.0
2024-05-16 04:00,295.0
2024-05-16 05:00,297.0
2024-05-16 06:00,302.0
2024-05-16 07:00,302.0
2024-05-16 08:00,296.0
2024-05-16 09:00,300.0
2024-05-16 10:00,294.0
2024-05-16 11:00,295.0
2024-05-16 12:00,298.0
2024-05-16 13:00,293.0
2024-05-16 14:00,292.0
2024-05-16 15:00,285.0
2024-05-16 16:00,294.0
2024-05-16 17:00,289.0
2024-05-16 18:00,291.0
2024-05-16 19:00,301.0
2024-05-16 20:00,283.0
2024-05-16 21:00,290.0
2024-05-16 22:00,295.0
2024-05-16 23:00,277.0
2024-05-17 00:00,295.0
2024-05-17 01:00,295.0
2024-05-17 02:00,289.0
2024-05-17 03:00,291.0
2024-05-17 04:00,286.0
2024-05-17 05:00,288.0
2024-05-17 06:00,285.0
2024-05-17 07:00,295.0
2024-05-17 08:00,299.0
2024-05-17 09:00,293.0
2024-05-17 10:00,292.0
2024-05-17 11:00,294.0
2024-05-17 12:00,304.0
2024-05-17 13:00,297.0
2024-05-17 14:00,290.0
2024-05-17 15:00,294.0
2024-05-17 16:00,293.0
2024-05-17 17:00,302.0
2024-05-17 18:00,295.0
2024-05-17 19:00,295.0
2024-05-17 20:00,303.0
2024-05-17 21:00,300.0
2024-05-17 22:00,297.0
2024-05-17 23:00,294.0
2024-05-18 00:00,299.0
2024-05-18 01:00,301.0
2024-05-18 02:00,290.0
2024-05-18 03:00,288.0
2024-05-18 04:00,283.0
2024-05-18 05:00,286.0
2024-05-18 06:00,291.0
2024-05-18 07:00,286.0
2024-05-18 08:00,305.0
2024-05-18 09:00,296.0
2024-05-18 10:00,289.0
2024-05-18 11:00,292.0
2024-05-18 12:00,286.0
2024-05-18 13:00,322.0
2024-05-18 14:00,297.0
2024-05-18 15:00,291.0
2024-05-18 16:00,281.0
2024-05-18 17:00,292.0
2024-05-18 18:00,296.0
2024-05-18 19:00,302.0
2024-05-18 20:00,299.0
2024-05-18 21:00,305.0
2024-05-18 22:00,302.0
2024-05-18 23:00,309.0
2024-05-19 00:00,309.0
2024-05-19 01:00,303.0
2024-05-19 02:00,301.0
2024-05-19 03:00,288.0
2024-05-19 04:00,307.0
2024-05-19 05:00,293.0
2024-05-19 06:00,278.0
2024-05-19 07:00,292.0
2024-05-19 08:00,291.0
2024-05-19 09:00,300.0
2024-05-19 10:00,292.0
2024-05-19 11:00,296.0
2024-05-19 12:00,300.0
2024-05-19 13:00,281.0
2024-05-19 14:00,290.0
2024-05-19 15:00,306.0
2024-05-19 16:00,286.0
2024-05-19 17:00,316.0
2024-05-19 18:00,293.0
2024-05-19 19:00,307.0
2024-05-19 20:00,297.0
2024-05-19 21:00,302.0
2024-05-19 22:00,303.0
2024-05-19 23:00,307.0
2024-05-20 00:00,312.0
2024-05-20 01:00,307.0
2024-05-20 02:00,307.0
2024-05-20 03:00,307.0
2024-05-20 04:00,305.0
2024-05-20 05:00,296.0
2024-05-20 06:00,290.0
2024-05-20 07:00,283.0
2024-05-20 08:00,285.0
2024-05-20 09:00,297.0
2024-05-20 10:00,294.0
2024-05-20 11:00,293.0
2024-05-20 12:00,289.0
2024-05-20 13:00,284.0
2024-05-20 14:00,302.0
2024-05-20 15:00,291.0
2024-05-20 16:00,283.0
2024-05-20 17:00,300.0
2024-05-20 18:00,307.0
2024-05-20 19:00,298.0
2024-05-20 20:00,303.0
2024-05-20 21:00,316.0
2024-05-20 22:00,300.0
2024-05-20 23:00,302.0
2024-05-21 00:00,306.0
2024-05-21 01:00,304.0
2024-05-21 02:00,304.0
2024-05-21 03:00,297.0
2024-05-21 04:00,302.0
2024-05-21 05:00,304.0
2024-05-21 06:00,305.0
2024-05-21 07:00,295.0
2024-05-21 08:00,292.0
2024-05-21 09:00,295.0
2024-05-21 10:00,290.0
2024-05-21 11:00,285.0
2024-05-21 12:00,288.0
2024-05-21 13:00,295.0
2024-05-21 14:00,298.0
2024-05-21 15:00,307.0
2024-05-21 16:00,303.0
2024-05-21 17:00,297.0
2024-05-21 18:00,304.0
2024-05-21 19:00,308.0
2024-05-21 20:00,314.0
2024-05-21 21:00,310.0
2024-05-21 22:00,307.0
2024-05-21 23:00,312.0
2024-05-22 00:00,302.0
2024-05-22 01:00,302.0
2024-05-22 02:00,308.0
2024-05-22 03:00,298.0
2024-05-22 04:00,299.0
2024-05-22 05:00,309.0
2024-05-22 06:00,286.0
2024-05-22 07:00,295.0
2024-05-22 08:00,290.0
2024-05-22 09:00,288.0
2024-05-22 10:00,298.0
2024-05-22 11:00,301.0
2024-05-22 12:00,326.0
2024-05-22 13:00,328.0
2024-05-22 14:00,320.0
2024-05-22 15:00,335.0
2024-05-22 16:00,319.0
2024-05-22 17:00,289.0
2024-05-22 18:00,305.0
2024-05-22 19:00,295.0
2024-05-22 20:00,297.0
2024-05-22 21:00,298.0
2024-05-22 22:00,296.0
2024-05-22 23:00,309.0
2024-05-23 00:00,309.0
2024-05-23 01:00,304.0
2024-05-23 02:00,307.0
2024-05-23 03:00,299.0
2024-05-23 04:00,301.0
2024-05-23 05:00,297.0
2024-05-23 06:00,301.0
2024-05-23 07:00,306.0
2024-05-23 08:00,326.0
2024-05-23 09:00,326.0
2024-05-23 10:00,320.0
2024-05-23 11:00,314.0
2024-05-23 12:00,333.0
2024-05-23 13:00,320.0
2024-05-23 14:00,328.0
2024-05-23 15:00,307.0
2024-05-23 16:00,310.0
2024-05-23 17:00,306.0
2024-05-23 18:00,301.0
2024-05-23 19:00,306.0
2024-05-23 20:00,312.0
2024-05-23 21:00,308.0
2024-05-23 22:00,300.0
2024-05-23 23:00,288.0
2024-05-24 00:00,300.0
2024-05-24 01:00,295.0
2024-05-24 02:00,293.0
2024-05-24 03:00,283.0
2024-05-24 04:00,298.0
2024-05-24 05:00,293.0
2024-05-24 06:00,298.0
2024-05-24 07:00,298.0
2024-05-24 08:00,301.0
2024-05-24 09:00,305.0
2024-05-24 10:00,303.0
2024-05-24 11:00,293.0
2024-05-24 12:00,304.0
2024-05-24 13:00,303.0
2024-05-24 14:00,297.0
2024-05-24 15:00,301.0
2024-05-24 16:00,313.0
2024-05-24 17:00,299.0
2024-05-24 18:00,311.0
2024-05-24 19:00,293.0
2024-05-24 20:00,263.0
2024-05-24 21:00,270.0
2024-05-24 22:00,298.0
2024-05-24 23:00,291.0
2024-05-25 00:00,296.0
2024-05-25 01:00,292.0
2024-05-25 02:00,295.0
2024-05-25 03:00,292.0
2024-05-25 04:00,300.0
2024-05-25 05:00,295.0
2024-05-25 06:00,293.0
2024-05-25 07:00,295.0
2024-05-25 08:00,285.0
2024-05-25 09:00,300.0
2024-05-25 10:00,288.0
2024-05-25 11:00,306.0
2024-05-25 12:00,300.0
2024-05-25 13:00,289.0
2024-05-25 14:00,290.0
2024-05-25 15:00,295.0
2024-05-25 16:00,277.0
2024-05-25 17:00,297.0
2024-05-25 18:00,294.0
2024-05-25 19:00,296.0
2024-05-25 20:00,293.0
2024-05-25 21:00,293.0
2024-05-25 22:00,305.0
2024-05-25 23:00,311.0
2024-05-26 00:00,302.0
2024-05-26 01:00,305.0
2024-05-26 02:00,308.0
